time,I10.C0,I10.C1,I10.C2,I10.C3,I10.C4,I10.C8,I10.M0,I10.M1,I10.M10,I10.M11,I10.M12,I10.M13,I10.M14,I10.M15,I10.M16,I10.M17,I10.M18,I10.M19,I10.M2,I10.M20,I10.M21,I10.M22,I10.M23,I10.M24,I10.M25,I10.M26,I10.M27,I10.M28,I10.M29,I10.M3,I10.M30,I10.M31,I10.M32,I10.M33,I10.M34,I10.M35,I10.M36,I10.M37,I10.M38,I10.M4,I10.M40,I10.M41,I10.M42,I10.M43,I10.M44,I10.M45,I10.M46,I10.M47,I10.M5,I10.M6,I10.M7,I10.M8,I10.M9,I10.R0
0,0,0,0,0,0,0,0.000204485,3.49E-06,1.03E-06,1.00E-06,5.18E-08,4.33E-06,9.73E-07,9.67E-07,9.73E-07,9.67E-07,9.93E-07,9.94E-07,3.71E-06,1.94E-06,1.86E-06,8.48E-06,4.33E-06,8.57E-07,7.85E-07,8.74E-07,8.79E-07,4.14E-06,8.61E-07,3.93E-06,7.85E-07,8.79E-07,8.73E-07,9.50E-07,1.86E-06,1.75E-06,9.77E-07,9.77E-07,9.50E-07,2.01E-06,5.90E-08,5.90E-08,1.18E-08,1.07E-08,6.05E-08,1.16E-08,1.16E-08,3.42E-09,2.06E-06,9.93E-07,3.71E-06,3.93E-06,1.03E-06,0
1.00E-08,-1.20E-11,7.36E-13,1.01E-11,-8.81E-12,-5.11E-11,6.03E-14,0.000204484,3.49E-06,1.03E-06,1.00E-06,5.18E-08,4.33E-06,9.73E-07,9.67E-07,9.73E-07,9.67E-07,9.93E-07,9.94E-07,3.71E-06,1.94E-06,1.86E-06,8.48E-06,4.33E-06,8.57E-07,7.85E-07,8.74E-07,8.79E-07,4.14E-06,8.61E-07,3.93E-06,7.85E-07,8.79E-07,8.73E-07,9.50E-07,1.86E-06,1.75E-06,9.77E-07,9.77E-07,9.50E-07,2.01E-06,5.90E-08,5.90E-08,1.18E-08,1.07E-08,6.05E-08,1.16E-08,1.16E-08,3.42E-09,2.06E-06,9.93E-07,3.71E-06,3.93E-06,1.03E-06,-1.20E-11
3.00E-08,-4.75E-11,-1.47E-12,4.12E-12,-6.96E-12,-5.69E-11,-1.15E-14,0.000204484,3.49E-06,1.03E-06,1.00E-06,5.18E-08,4.33E-06,9.73E-07,9.67E-07,9.73E-07,9.67E-07,9.93E-07,9.94E-07,3.71E-06,1.94E-06,1.86E-06,8.48E-06,4.33E-06,8.57E-07,7.85E-07,8.74E-07,8.79E-07,4.14E-06,8.61E-07,3.93E-06,7.85E-07,8.79E-07,8.73E-07,9.50E-07,1.86E-06,1.75E-06,9.77E-07,9.77E-07,9.50E-07,2.01E-06,5.90E-08,5.90E-08,1.18E-08,1.07E-08,6.05E-08,1.16E-08,1.16E-08,3.42E-09,2.06E-06,9.93E-07,3.71E-06,3.93E-06,1.03E-06,-4.75E-11
7.00E-08,-2.19E-11,-5.50E-12,-1.74E-12,-3.92E-12,-5.61E-11,-1.64E-14,0.000204484,3.49E-06,1.03E-06,1.00E-06,5.18E-08,4.33E-06,9.73E-07,9.67E-07,9.73E-07,9.67E-07,9.93E-07,9.94E-07,3.71E-06,1.94E-06,1.86E-06,8.48E-06,4.33E-06,8.57E-07,7.85E-07,8.74E-07,8.79E-07,4.14E-06,8.61E-07,3.93E-06,7.85E-07,8.79E-07,8.73E-07,9.50E-07,1.86E-06,1.75E-06,9.77E-07,9.77E-07,9.50E-07,2.01E-06,5.90E-08,5.90E-08,1.18E-08,1.07E-08,6.05E-08,1.16E-08,1.16E-08,3.42E-09,2.06E-06,9.93E-07,3.71E-06,3.93E-06,1.03E-06,-2.19E-11
1.50E-07,9.46E-13,-1.16E-11,-1.44E-12,-9.57E-13,-5.06E-11,-3.91E-14,0.000204484,3.49E-06,1.03E-06,1.00E-06,5.18E-08,4.33E-06,9.73E-07,9.67E-07,9.73E-07,9.67E-07,9.93E-07,9.94E-07,3.71E-06,1.94E-06,1.86E-06,8.48E-06,4.33E-06,8.57E-07,7.85E-07,8.74E-07,8.79E-07,4.14E-06,8.61E-07,3.93E-06,7.85E-07,8.79E-07,8.73E-07,9.50E-07,1.86E-06,1.75E-06,9.77E-07,9.77E-07,9.50E-07,2.01E-06,5.90E-08,5.90E-08,1.18E-08,1.07E-08,6.05E-08,1.16E-08,1.16E-08,3.42E-09,2.06E-06,9.93E-07,3.71E-06,3.93E-06,1.03E-06,9.46E-13
2.50E-07,6.43E-12,-1.59E-11,-9.45E-14,1.76E-13,-4.01E-11,-5.52E-14,0.000204484,3.49E-06,1.03E-06,1.00E-06,5.18E-08,4.33E-06,9.73E-07,9.67E-07,9.73E-07,9.67E-07,9.93E-07,9.94E-07,3.71E-06,1.94E-06,1.86E-06,8.48E-06,4.33E-06,8.57E-07,7.85E-07,8.74E-07,8.79E-07,4.14E-06,8.61E-07,3.93E-06,7.85E-07,8.79E-07,8.73E-07,9.50E-07,1.86E-06,1.75E-06,9.77E-07,9.77E-07,9.50E-07,2.01E-06,5.90E-08,5.90E-08,1.18E-08,1.07E-08,6.05E-08,1.16E-08,1.16E-08,3.42E-09,2.06E-06,9.93E-07,3.71E-06,3.93E-06,1.03E-06,6.43E-12
3.50E-07,7.18E-12,-1.69E-11,9.81E-14,2.89E-13,-2.77E-11,-5.89E-14,0.000204484,3.49E-06,1.03E-06,1.00E-06,5.18E-08,4.33E-06,9.73E-07,9.67E-07,9.73E-07,9.67E-07,9.93E-07,9.94E-07,3.71E-06,1.94E-06,1.86E-06,8.48E-06,4.33E-06,8.57E-07,7.85E-07,8.74E-07,8.79E-07,4.14E-06,8.61E-07,3.93E-06,7.85E-07,8.79E-07,8.73E-07,9.50E-07,1.86E-06,1.75E-06,9.77E-07,9.77E-07,9.50E-07,2.01E-06,5.90E-08,5.90E-08,1.18E-08,1.07E-08,6.05E-08,1.16E-08,1.16E-08,3.42E-09,2.06E-06,9.93E-07,3.71E-06,3.93E-06,1.03E-06,7.18E-12
4.50E-07,6.19E-12,-1.56E-11,4.63E-14,1.69E-13,-1.53E-11,-5.43E-14,0.000204484,3.49E-06,1.03E-06,1.00E-06,5.18E-08,4.33E-06,9.73E-07,9.67E-07,9.73E-07,9.67E-07,9.93E-07,9.94E-07,3.71E-06,1.94E-06,1.86E-06,8.48E-06,4.33E-06,8.57E-07,7.85E-07,8.74E-07,8.79E-07,4.14E-06,8.61E-07,3.93E-06,7.85E-07,8.79E-07,8.73E-07,9.50E-07,1.86E-06,1.75E-06,9.77E-07,9.77E-07,9.50E-07,2.01E-06,5.90E-08,5.90E-08,1.18E-08,1.07E-08,6.05E-08,1.16E-08,1.16E-08,3.42E-09,2.06E-06,9.93E-07,3.71E-06,3.93E-06,1.03E-06,6.19E-12
5.50E-07,4.71E-12,-1.27E-11,1.45E-14,6.69E-14,-4.55E-12,-4.42E-14,0.000204484,3.49E-06,1.03E-06,1.00E-06,5.18E-08,4.33E-06,9.73E-07,9.67E-07,9.73E-07,9.67E-07,9.93E-07,9.94E-07,3.71E-06,1.94E-06,1.86E-06,8.48E-06,4.33E-06,8.57E-07,7.85E-07,8.74E-07,8.79E-07,4.14E-06,8.61E-07,3.93E-06,7.85E-07,8.79E-07,8.73E-07,9.50E-07,1.86E-06,1.75E-06,9.77E-07,9.77E-07,9.50E-07,2.01E-06,5.90E-08,5.90E-08,1.18E-08,1.07E-08,6.05E-08,1.16E-08,1.16E-08,3.42E-09,2.06E-06,9.93E-07,3.71E-06,3.93E-06,1.03E-06,4.71E-12
6.50E-07,3.23E-12,-9.00E-12,3.40E-15,1.69E-14,3.78E-12,-3.15E-14,0.000204484,3.49E-06,1.03E-06,1.00E-06,5.18E-08,4.33E-06,9.73E-07,9.67E-07,9.73E-07,9.67E-07,9.93E-07,9.94E-07,3.71E-06,1.94E-06,1.86E-06,8.48E-06,4.33E-06,8.57E-07,7.85E-07,8.74E-07,8.79E-07,4.14E-06,8.61E-07,3.93E-06,7.85E-07,8.79E-07,8.73E-07,9.50E-07,1.86E-06,1.75E-06,9.77E-07,9.77E-07,9.50E-07,2.01E-06,5.90E-08,5.90E-08,1.18E-08,1.07E-08,6.05E-08,1.16E-08,1.16E-08,3.42E-09,2.06E-06,9.93E-07,3.71E-06,3.93E-06,1.03E-06,3.23E-12
7.50E-07,1.89E-12,-5.24E-12,4.76E-18,1.39E-16,9.31E-12,-1.84E-14,0.000204484,3.49E-06,1.03E-06,1.00E-06,5.18E-08,4.33E-06,9.73E-07,9.67E-07,9.73E-07,9.67E-07,9.93E-07,9.94E-07,3.71E-06,1.94E-06,1.86E-06,8.48E-06,4.33E-06,8.57E-07,7.85E-07,8.74E-07,8.79E-07,4.14E-06,8.61E-07,3.93E-06,7.85E-07,8.79E-07,8.73E-07,9.50E-07,1.86E-06,1.75E-06,9.77E-07,9.77E-07,9.50E-07,2.01E-06,5.90E-08,5.90E-08,1.18E-08,1.07E-08,6.05E-08,1.16E-08,1.16E-08,3.42E-09,2.06E-06,9.93E-07,3.71E-06,3.93E-06,1.03E-06,1.89E-12
8.50E-07,7.36E-13,-1.88E-12,-6.20E-16,-2.79E-15,1.21E-11,-6.67E-15,0.000204484,3.49E-06,1.03E-06,1.00E-06,5.18E-08,4.33E-06,9.73E-07,9.67E-07,9.73E-07,9.67E-07,9.93E-07,9.94E-07,3.71E-06,1.94E-06,1.86E-06,8.48E-06,4.33E-06,8.57E-07,7.85E-07,8.74E-07,8.79E-07,4.14E-06,8.61E-07,3.93E-06,7.85E-07,8.79E-07,8.73E-07,9.50E-07,1.86E-06,1.75E-06,9.77E-07,9.77E-07,9.50E-07,2.01E-06,5.90E-08,5.90E-08,1.18E-08,1.07E-08,6.05E-08,1.16E-08,1.16E-08,3.42E-09,2.06E-06,9.93E-07,3.71E-06,3.93E-06,1.03E-06,7.36E-13
9.50E-07,-1.71E-13,7.77E-13,-4.35E-16,-1.93E-15,1.27E-11,2.59E-15,0.000204484,3.49E-06,1.03E-06,1.00E-06,5.18E-08,4.33E-06,9.73E-07,9.67E-07,9.73E-07,9.67E-07,9.93E-07,9.94E-07,3.71E-06,1.94E-06,1.86E-06,8.48E-06,4.33E-06,8.57E-07,7.85E-07,8.74E-07,8.79E-07,4.14E-06,8.61E-07,3.93E-06,7.85E-07,8.79E-07,8.73E-07,9.50E-07,1.86E-06,1.75E-06,9.77E-07,9.77E-07,9.50E-07,2.01E-06,5.90E-08,5.90E-08,1.18E-08,1.07E-08,6.05E-08,1.16E-08,1.16E-08,3.42E-09,2.06E-06,9.93E-07,3.71E-06,3.93E-06,1.03E-06,-1.71E-13
1.05E-06,-8.02E-13,2.59E-12,-1.92E-16,-8.42E-16,1.15E-11,8.94E-15,0.000204484,3.49E-06,1.03E-06,1.00E-06,5.18E-08,4.33E-06,9.73E-07,9.67E-07,9.73E-07,9.67E-07,9.93E-07,9.94E-07,3.71E-06,1.94E-06,1.86E-06,8.48E-06,4.33E-06,8.57E-07,7.85E-07,8.74E-07,8.79E-07,4.14E-06,8.61E-07,3.93E-06,7.85E-07,8.79E-07,8.73E-07,9.50E-07,1.86E-06,1.75E-06,9.77E-07,9.77E-07,9.50E-07,2.01E-06,5.90E-08,5.90E-08,1.18E-08,1.07E-08,6.05E-08,1.16E-08,1.16E-08,3.42E-09,2.06E-06,9.93E-07,3.71E-06,3.93E-06,1.03E-06,-8.02E-13
1.15E-06,-1.16E-12,3.58E-12,-5.68E-17,-2.44E-16,9.22E-12,1.24E-14,0.000204484,3.49E-06,1.03E-06,1.00E-06,5.18E-08,4.33E-06,9.73E-07,9.67E-07,9.73E-07,9.67E-07,9.93E-07,9.94E-07,3.71E-06,1.94E-06,1.86E-06,8.48E-06,4.33E-06,8.57E-07,7.85E-07,8.74E-07,8.79E-07,4.14E-06,8.61E-07,3.93E-06,7.85E-07,8.79E-07,8.73E-07,9.50E-07,1.86E-06,1.75E-06,9.77E-07,9.77E-07,9.50E-07,2.01E-06,5.90E-08,5.90E-08,1.18E-08,1.07E-08,6.05E-08,1.16E-08,1.16E-08,3.42E-09,2.06E-06,9.93E-07,3.71E-06,3.93E-06,1.03E-06,-1.16E-12
1.25E-06,-1.27E-12,3.85E-12,-5.71E-18,-2.35E-17,6.44E-12,1.34E-14,0.000204484,3.49E-06,1.03E-06,1.00E-06,5.18E-08,4.33E-06,9.73E-07,9.67E-07,9.73E-07,9.67E-07,9.93E-07,9.94E-07,3.71E-06,1.94E-06,1.86E-06,8.48E-06,4.33E-06,8.57E-07,7.85E-07,8.74E-07,8.79E-07,4.14E-06,8.61E-07,3.93E-06,7.85E-07,8.79E-07,8.73E-07,9.50E-07,1.86E-06,1.75E-06,9.77E-07,9.77E-07,9.50E-07,2.01E-06,5.90E-08,5.90E-08,1.18E-08,1.07E-08,6.05E-08,1.16E-08,1.16E-08,3.42E-09,2.06E-06,9.93E-07,3.71E-06,3.93E-06,1.03E-06,-1.27E-12
1.35E-06,-1.20E-12,3.56E-12,6.09E-18,2.23E-17,3.64E-12,1.24E-14,0.000204484,3.49E-06,1.03E-06,1.00E-06,5.18E-08,4.33E-06,9.73E-07,9.67E-07,9.73E-07,9.67E-07,9.93E-07,9.94E-07,3.71E-06,1.94E-06,1.86E-06,8.48E-06,4.33E-06,8.57E-07,7.85E-07,8.74E-07,8.79E-07,4.14E-06,8.61E-07,3.93E-06,7.85E-07,8.79E-07,8.73E-07,9.50E-07,1.86E-06,1.75E-06,9.77E-07,9.77E-07,9.50E-07,2.01E-06,5.90E-08,5.90E-08,1.18E-08,1.07E-08,6.05E-08,1.16E-08,1.16E-08,3.42E-09,2.06E-06,9.93E-07,3.71E-06,3.93E-06,1.03E-06,-1.20E-12
1.45E-06,-9.98E-13,2.92E-12,5.38E-18,1.44E-17,1.17E-12,1.02E-14,0.000204484,3.49E-06,1.03E-06,1.00E-06,5.18E-08,4.33E-06,9.73E-07,9.67E-07,9.73E-07,9.67E-07,9.93E-07,9.94E-07,3.71E-06,1.94E-06,1.86E-06,8.48E-06,4.33E-06,8.57E-07,7.85E-07,8.74E-07,8.79E-07,4.14E-06,8.61E-07,3.93E-06,7.85E-07,8.79E-07,8.73E-07,9.50E-07,1.86E-06,1.75E-06,9.77E-07,9.77E-07,9.50E-07,2.01E-06,5.90E-08,5.90E-08,1.18E-08,1.07E-08,6.05E-08,1.16E-08,1.16E-08,3.42E-09,2.06E-06,9.93E-07,3.71E-06,3.93E-06,1.03E-06,-9.98E-13
1.55E-06,-7.29E-13,2.09E-12,2.82E-18,6.08E-19,-7.58E-13,7.31E-15,0.000204484,3.49E-06,1.03E-06,1.00E-06,5.18E-08,4.33E-06,9.73E-07,9.67E-07,9.73E-07,9.67E-07,9.93E-07,9.94E-07,3.71E-06,1.94E-06,1.86E-06,8.48E-06,4.33E-06,8.57E-07,7.85E-07,8.74E-07,8.79E-07,4.14E-06,8.61E-07,3.93E-06,7.85E-07,8.79E-07,8.73E-07,9.50E-07,1.86E-06,1.75E-06,9.77E-07,9.77E-07,9.50E-07,2.01E-06,5.90E-08,5.90E-08,1.18E-08,1.07E-08,6.05E-08,1.16E-08,1.16E-08,3.42E-09,2.06E-06,9.93E-07,3.71E-06,3.93E-06,1.03E-06,-7.29E-13
1.65E-06,-4.45E-13,1.24E-12,1.10E-18,-7.23E-18,-2.05E-12,4.34E-15,0.000204484,3.49E-06,1.03E-06,1.00E-06,5.18E-08,4.33E-06,9.73E-07,9.67E-07,9.73E-07,9.67E-07,9.93E-07,9.94E-07,3.71E-06,1.94E-06,1.86E-06,8.48E-06,4.33E-06,8.57E-07,7.85E-07,8.74E-07,8.79E-07,4.14E-06,8.61E-07,3.93E-06,7.85E-07,8.79E-07,8.73E-07,9.50E-07,1.86E-06,1.75E-06,9.77E-07,9.77E-07,9.50E-07,2.01E-06,5.90E-08,5.90E-08,1.18E-08,1.07E-08,6.05E-08,1.16E-08,1.16E-08,3.42E-09,2.06E-06,9.93E-07,3.71E-06,3.93E-06,1.03E-06,-4.45E-13
1.75E-06,-1.85E-13,4.68E-13,2.85E-19,-9.39E-18,-2.73E-12,1.66E-15,0.000204484,3.49E-06,1.03E-06,1.00E-06,5.18E-08,4.33E-06,9.73E-07,9.67E-07,9.73E-07,9.67E-07,9.93E-07,9.94E-07,3.71E-06,1.94E-06,1.86E-06,8.48E-06,4.33E-06,8.57E-07,7.85E-07,8.74E-07,8.79E-07,4.14E-06,8.61E-07,3.93E-06,7.85E-07,8.79E-07,8.73E-07,9.50E-07,1.86E-06,1.75E-06,9.77E-07,9.77E-07,9.50E-07,2.01E-06,5.90E-08,5.90E-08,1.18E-08,1.07E-08,6.05E-08,1.16E-08,1.16E-08,3.42E-09,2.06E-06,9.93E-07,3.71E-06,3.93E-06,1.03E-06,-1.85E-13
1.85E-06,2.52E-14,-1.44E-13,1.02E-20,-8.36E-18,-2.88E-12,-4.76E-16,0.000204484,3.49E-06,1.03E-06,1.00E-06,5.18E-08,4.33E-06,9.73E-07,9.67E-07,9.73E-07,9.67E-07,9.93E-07,9.94E-07,3.71E-06,1.94E-06,1.86E-06,8.48E-06,4.33E-06,8.57E-07,7.85E-07,8.74E-07,8.79E-07,4.14E-06,8.61E-07,3.93E-06,7.85E-07,8.79E-07,8.73E-07,9.50E-07,1.86E-06,1.75E-06,9.77E-07,9.77E-07,9.50E-07,2.01E-06,5.90E-08,5.90E-08,1.18E-08,1.07E-08,6.05E-08,1.16E-08,1.16E-08,3.42E-09,2.06E-06,9.93E-07,3.71E-06,3.93E-06,1.03E-06,2.52E-14
1.95E-06,1.73E-13,-5.67E-13,-9.83E-20,-6.06E-18,-2.63E-12,-1.96E-15,0.000204484,3.49E-06,1.03E-06,1.00E-06,5.18E-08,4.33E-06,9.73E-07,9.67E-07,9.73E-07,9.67E-07,9.93E-07,9.94E-07,3.71E-06,1.94E-06,1.86E-06,8.48E-06,4.33E-06,8.57E-07,7.85E-07,8.74E-07,8.79E-07,4.14E-06,8.61E-07,3.93E-06,7.85E-07,8.79E-07,8.73E-07,9.50E-07,1.86E-06,1.75E-06,9.77E-07,9.77E-07,9.50E-07,2.01E-06,5.90E-08,5.90E-08,1.18E-08,1.07E-08,6.05E-08,1.16E-08,1.16E-08,3.42E-09,2.06E-06,9.93E-07,3.71E-06,3.93E-06,1.03E-06,1.73E-13
2.00E-06,2.23E-13,-7.06E-13,-1.12E-19,-4.73E-18,-2.39E-12,-2.44E-15,0.000204484,3.49E-06,1.03E-06,1.00E-06,5.18E-08,4.33E-06,9.73E-07,9.67E-07,9.73E-07,9.67E-07,9.93E-07,9.94E-07,3.71E-06,1.94E-06,1.86E-06,8.48E-06,4.33E-06,8.57E-07,7.85E-07,8.74E-07,8.79E-07,4.14E-06,8.61E-07,3.93E-06,7.85E-07,8.79E-07,8.73E-07,9.50E-07,1.86E-06,1.75E-06,9.77E-07,9.77E-07,9.50E-07,2.01E-06,5.90E-08,5.90E-08,1.18E-08,1.07E-08,6.05E-08,1.16E-08,1.16E-08,3.42E-09,2.06E-06,9.93E-07,3.71E-06,3.93E-06,1.03E-06,2.23E-13
2.00E-06,-7.95E-07,1.62E-10,-1.30E-10,-2.10E-07,-8.99E-09,-1.28E-08,0.000223663,3.17E-06,1.03E-06,9.99E-07,3.72E-08,4.25E-06,9.73E-07,9.67E-07,9.73E-07,9.67E-07,9.93E-07,9.94E-07,3.68E-06,1.94E-06,1.87E-06,8.57E-06,4.22E-06,8.64E-07,7.85E-07,8.77E-07,8.82E-07,3.97E-06,8.60E-07,3.95E-06,7.85E-07,8.87E-07,8.82E-07,9.49E-07,1.86E-06,1.74E-06,9.76E-07,9.77E-07,9.50E-07,1.99E-06,6.32E-08,7.36E-08,-2.25E-08,-1.48E-09,5.76E-08,1.17E-08,1.18E-08,3.47E-09,2.11E-06,9.93E-07,3.68E-06,3.98E-06,1.03E-06,-7.95E-07
2.00E-06,-1.56E-06,2.33E-10,-4.16E-11,-2.84E-07,-5.93E-09,-1.83E-08,0.000236014,2.98E-06,1.02E-06,9.98E-07,3.28E-08,4.18E-06,9.73E-07,9.67E-07,9.73E-07,9.67E-07,9.92E-07,9.94E-07,3.66E-06,1.94E-06,1.87E-06,8.61E-06,4.13E-06,8.67E-07,7.85E-07,8.80E-07,8.85E-07,3.78E-06,8.60E-07,3.96E-06,7.85E-07,8.95E-07,8.79E-07,9.47E-07,1.86E-06,1.74E-06,9.76E-07,9.77E-07,9.50E-07,1.99E-06,6.49E-08,7.91E-08,-3.47E-08,-5.82E-09,5.64E-08,1.18E-08,1.19E-08,3.48E-09,2.16E-06,9.94E-07,3.66E-06,4.04E-06,1.04E-06,-1.56E-06
2.00E-06,-2.33E-06,2.42E-10,2.14E-10,-2.69E-07,5.94E-09,-1.90E-08,0.000244958,2.85E-06,1.02E-06,9.98E-07,3.46E-08,4.12E-06,9.73E-07,9.67E-07,9.73E-07,9.67E-07,9.92E-07,9.94E-07,3.65E-06,1.94E-06,1.87E-06,8.62E-06,4.05E-06,8.68E-07,7.85E-07,8.83E-07,8.88E-07,3.51E-06,8.60E-07,3.99E-06,7.85E-07,9.03E-07,8.68E-07,9.45E-07,1.86E-06,1.74E-06,9.75E-07,9.76E-07,9.50E-07,1.99E-06,6.52E-08,7.86E-08,-3.25E-08,-4.98E-09,5.64E-08,1.17E-08,1.19E-08,3.48E-09,2.25E-06,9.94E-07,3.65E-06,4.12E-06,1.04E-06,-2.33E-06
2.00E-06,-2.66E-06,2.27E-10,3.69E-10,-2.38E-07,1.37E-08,-1.79E-08,0.000248055,2.81E-06,1.02E-06,9.97E-07,3.70E-08,4.09E-06,9.73E-07,9.67E-07,9.73E-07,9.67E-07,9.91E-07,9.94E-07,3.64E-06,1.94E-06,1.87E-06,8.62E-06,4.02E-06,8.68E-07,7.85E-07,8.85E-07,8.90E-07,3.36E-06,8.60E-07,4.01E-06,7.85E-07,9.06E-07,8.60E-07,9.44E-07,1.86E-06,1.74E-06,9.75E-07,9.76E-07,9.50E-07,1.99E-06,6.50E-08,7.67E-08,-2.76E-08,-3.12E-09,5.67E-08,1.17E-08,1.18E-08,3.47E-09,2.31E-06,9.94E-07,3.64E-06,4.16E-06,1.04E-06,-2.66E-06
2.00E-06,-2.95E-06,2.08E-10,5.12E-10,-2.01E-07,2.16E-08,-1.63E-08,0.000250814,2.78E-06,1.02E-06,9.97E-07,3.94E-08,4.07E-06,9.73E-07,9.67E-07,9.73E-07,9.67E-07,9.91E-07,9.93E-07,3.64E-06,1.94E-06,1.87E-06,8.61E-06,3.99E-06,8.67E-07,7.85E-07,8.86E-07,8.92E-07,3.19E-06,8.60E-07,4.02E-06,7.85E-07,9.10E-07,8.52E-07,9.43E-07,1.85E-06,1.74E-06,9.75E-07,9.76E-07,9.49E-07,1.99E-06,6.46E-08,7.44E-08,-2.19E-08,-9.99E-10,5.71E-08,1.16E-08,1.18E-08,3.46E-09,2.38E-06,9.94E-07,3.64E-06,4.20E-06,1.05E-06,-2.95E-06
2.00E-06,-3.15E-06,1.94E-10,5.97E-10,-1.76E-07,2.74E-08,-1.51E-08,0.000253619,2.75E-06,1.02E-06,9.97E-07,4.07E-08,4.05E-06,9.73E-07,9.67E-07,9.73E-07,9.67E-07,9.91E-07,9.93E-07,3.64E-06,1.94E-06,1.87E-06,8.60E-06,3.97E-06,8.67E-07,7.85E-07,8.88E-07,8.93E-07,3.04E-06,8.60E-07,4.04E-06,7.85E-07,9.12E-07,8.47E-07,9.42E-07,1.85E-06,1.74E-06,9.74E-07,9.76E-07,9.49E-07,1.99E-06,6.45E-08,7.30E-08,-1.83E-08,4.30E-10,5.74E-08,1.16E-08,1.18E-08,3.46E-09,2.46E-06,9.94E-07,3.64E-06,4.24E-06,1.05E-06,-3.15E-06
2.00E-06,-3.32E-06,1.89E-10,6.21E-10,-1.68E-07,3.13E-08,-1.47E-08,0.000257019,2.72E-06,1.02E-06,9.96E-07,4.06E-08,4.03E-06,9.73E-07,9.67E-07,9.72E-07,9.67E-07,9.90E-07,9.93E-07,3.64E-06,1.94E-06,1.87E-06,8.60E-06,3.96E-06,8.67E-07,7.85E-07,8.89E-07,8.94E-07,2.89E-06,8.60E-07,4.06E-06,7.85E-07,9.14E-07,8.43E-07,9.41E-07,1.85E-06,1.73E-06,9.74E-07,9.76E-07,9.49E-07,1.99E-06,6.47E-08,7.26E-08,-1.68E-08,9.31E-10,5.75E-08,1.16E-08,1.18E-08,3.46E-09,2.54E-06,9.94E-07,3.64E-06,4.28E-06,1.06E-06,-3.32E-06
2.00E-06,-3.51E-06,2.01E-10,5.74E-10,-1.82E-07,3.34E-08,-1.55E-08,0.000262349,2.66E-06,1.02E-06,9.96E-07,3.87E-08,4.02E-06,9.72E-07,9.67E-07,9.72E-07,9.66E-07,9.90E-07,9.93E-07,3.64E-06,1.94E-06,1.87E-06,8.61E-06,3.94E-06,8.68E-07,7.85E-07,8.90E-07,8.95E-07,2.73E-06,8.60E-07,4.07E-06,7.85E-07,9.17E-07,8.42E-07,9.40E-07,1.85E-06,1.73E-06,9.74E-07,9.76E-07,9.49E-07,1.99E-06,6.53E-08,7.40E-08,-1.98E-08,-4.75E-12,5.72E-08,1.16E-08,1.18E-08,3.46E-09,2.63E-06,9.94E-07,3.64E-06,4.32E-06,1.06E-06,-3.51E-06
2.00E-06,-3.79E-06,2.38E-10,4.28E-10,-2.31E-07,3.37E-08,-1.83E-08,0.000271444,2.56E-06,1.02E-06,9.96E-07,3.41E-08,3.99E-06,9.72E-07,9.67E-07,9.72E-07,9.66E-07,9.90E-07,9.93E-07,3.64E-06,1.93E-06,1.87E-06,8.63E-06,3.90E-06,8.70E-07,7.85E-07,8.92E-07,8.97E-07,2.54E-06,8.60E-07,4.10E-06,7.85E-07,9.20E-07,8.42E-07,9.39E-07,1.85E-06,1.73E-06,9.73E-07,9.76E-07,9.49E-07,1.99E-06,6.67E-08,7.78E-08,-2.82E-08,-2.97E-09,5.64E-08,1.16E-08,1.18E-08,3.47E-09,2.75E-06,9.94E-07,3.64E-06,4.37E-06,1.07E-06,-3.79E-06
2.00E-06,-4.26E-06,3.08E-10,1.70E-10,-3.21E-07,3.28E-08,-2.37E-08,0.000286238,2.39E-06,1.02E-06,9.95E-07,2.65E-08,3.94E-06,9.72E-07,9.67E-07,9.72E-07,9.66E-07,9.89E-07,9.92E-07,3.63E-06,1.93E-06,1.87E-06,8.67E-06,3.85E-06,8.73E-07,7.85E-07,8.94E-07,8.99E-07,2.32E-06,8.60E-07,4.13E-06,7.85E-07,9.25E-07,8.43E-07,9.37E-07,1.84E-06,1.72E-06,9.73E-07,9.75E-07,9.49E-07,1.98E-06,6.91E-08,8.46E-08,-4.27E-08,-8.32E-09,5.51E-08,1.17E-08,1.19E-08,3.49E-09,2.91E-06,9.94E-07,3.63E-06,4.43E-06,1.07E-06,-4.26E-06
2.00E-06,-5.00E-06,3.98E-10,-1.44E-10,-4.29E-07,3.33E-08,-3.05E-08,0.000306411,2.17E-06,1.02E-06,9.94E-07,1.78E-08,3.88E-06,9.72E-07,9.66E-07,9.71E-07,9.66E-07,9.88E-07,9.92E-07,3.61E-06,1.93E-06,1.87E-06,8.72E-06,3.76E-06,8.77E-07,7.85E-07,8.98E-07,9.03E-07,2.06E-06,8.59E-07,4.16E-06,7.85E-07,9.34E-07,8.43E-07,9.35E-07,1.84E-06,1.71E-06,9.72E-07,9.75E-07,9.48E-07,1.97E-06,7.20E-08,9.30E-08,-6.12E-08,-1.49E-08,5.34E-08,1.17E-08,1.20E-08,3.51E-09,3.11E-06,9.95E-07,3.61E-06,4.50E-06,1.08E-06,-5.00E-06
2.00E-06,-5.77E-06,4.71E-10,-3.94E-10,-5.09E-07,3.65E-08,-3.61E-08,0.000325897,1.98E-06,1.01E-06,9.93E-07,1.14E-08,3.81E-06,9.72E-07,9.66E-07,9.71E-07,9.65E-07,9.88E-07,9.92E-07,3.60E-06,1.93E-06,1.88E-06,8.76E-06,3.68E-06,8.80E-07,7.85E-07,9.02E-07,9.07E-07,1.85E-06,8.59E-07,4.19E-06,7.85E-07,9.42E-07,8.41E-07,9.32E-07,1.84E-06,1.71E-06,9.72E-07,9.75E-07,9.48E-07,1.96E-06,7.43E-08,9.94E-08,-7.45E-08,-1.98E-08,5.21E-08,1.18E-08,1.20E-08,3.53E-09,3.31E-06,9.95E-07,3.60E-06,4.58E-06,1.09E-06,-5.77E-06
2.00E-06,-6.61E-06,5.28E-10,-6.08E-10,-5.63E-07,4.30E-08,-4.04E-08,0.000346321,1.80E-06,1.01E-06,9.92E-07,7.09E-09,3.73E-06,9.72E-07,9.66E-07,9.71E-07,9.65E-07,9.87E-07,9.91E-07,3.58E-06,1.93E-06,1.88E-06,8.79E-06,3.58E-06,8.83E-07,7.85E-07,9.06E-07,9.11E-07,1.64E-06,8.59E-07,4.23E-06,7.85E-07,9.51E-07,8.35E-07,9.30E-07,1.83E-06,1.70E-06,9.71E-07,9.74E-07,9.48E-07,1.96E-06,7.62E-08,1.04E-07,-8.38E-08,-2.33E-08,5.11E-08,1.18E-08,1.21E-08,3.54E-09,3.52E-06,9.95E-07,3.58E-06,4.66E-06,1.10E-06,-6.61E-06
2.00E-06,-7.57E-06,5.69E-10,-8.10E-10,-5.91E-07,5.37E-08,-4.34E-08,0.000369083,1.62E-06,1.01E-06,9.92E-07,4.82E-09,3.65E-06,9.71E-07,9.66E-07,9.70E-07,9.65E-07,9.86E-07,9.91E-07,3.57E-06,1.93E-06,1.88E-06,8.81E-06,3.49E-06,8.85E-07,7.85E-07,9.11E-07,9.16E-07,1.42E-06,8.59E-07,4.27E-06,7.85E-07,9.62E-07,8.25E-07,9.27E-07,1.83E-06,1.70E-06,9.70E-07,9.74E-07,9.48E-07,1.95E-06,7.78E-08,1.07E-07,-8.88E-08,-2.52E-08,5.04E-08,1.18E-08,1.21E-08,3.54E-09,3.77E-06,9.95E-07,3.57E-06,4.76E-06,1.11E-06,-7.57E-06
2.00E-06,-8.73E-06,5.88E-10,-1.06E-09,-5.84E-07,7.07E-08,-4.47E-08,0.000397708,1.45E-06,1.01E-06,9.90E-07,4.93E-09,3.55E-06,9.71E-07,9.66E-07,9.70E-07,9.64E-07,9.85E-07,9.90E-07,3.56E-06,1.93E-06,1.88E-06,8.83E-06,3.37E-06,8.87E-07,7.85E-07,9.17E-07,9.22E-07,1.17E-06,8.59E-07,4.33E-06,7.85E-07,9.76E-07,8.09E-07,9.23E-07,1.82E-06,1.69E-06,9.69E-07,9.74E-07,9.47E-07,1.95E-06,7.92E-08,1.08E-07,-8.87E-08,-2.52E-08,5.01E-08,1.17E-08,1.21E-08,3.54E-09,4.14E-06,9.96E-07,3.56E-06,4.88E-06,1.12E-06,-8.73E-06
2.00E-06,-9.75E-06,5.86E-10,-1.36E-09,-5.54E-07,8.90E-08,-4.41E-08,0.000426106,1.32E-06,1.01E-06,9.89E-07,6.76E-09,3.46E-06,9.71E-07,9.65E-07,9.69E-07,9.64E-07,9.84E-07,9.89E-07,3.56E-06,1.92E-06,1.88E-06,8.83E-06,3.27E-06,8.88E-07,7.85E-07,9.23E-07,9.28E-07,9.49E-07,8.58E-07,4.38E-06,7.85E-07,9.88E-07,7.92E-07,9.19E-07,1.81E-06,1.68E-06,9.68E-07,9.73E-07,9.47E-07,1.96E-06,8.02E-08,1.07E-07,-8.45E-08,-2.36E-08,4.97E-08,1.17E-08,1.20E-08,3.54E-09,4.53E-06,9.96E-07,3.56E-06,5.01E-06,1.13E-06,-9.75E-06
2.00E-06,-1.08E-05,5.75E-10,-1.88E-09,-5.17E-07,1.09E-07,-4.28E-08,0.000460407,1.20E-06,1.00E-06,9.88E-07,8.76E-09,3.37E-06,9.70E-07,9.65E-07,9.69E-07,9.63E-07,9.83E-07,9.88E-07,3.55E-06,1.92E-06,1.88E-06,8.83E-06,3.17E-06,8.89E-07,7.85E-07,9.29E-07,9.34E-07,7.41E-07,8.58E-07,4.45E-06,7.85E-07,1.00E-06,7.74E-07,9.15E-07,1.81E-06,1.68E-06,9.67E-07,9.73E-07,9.46E-07,1.96E-06,8.14E-08,1.07E-07,-7.99E-08,-2.17E-08,5.05E-08,1.15E-08,1.20E-08,3.52E-09,5.03E-06,9.96E-07,3.55E-06,5.14E-06,1.15E-06,-1.08E-05
2.00E-06,-1.16E-05,5.73E-10,-2.49E-09,-5.00E-07,1.25E-07,-4.21E-08,0.000495597,1.08E-06,1.00E-06,9.88E-07,8.99E-09,3.29E-06,9.70E-07,9.64E-07,9.68E-07,9.63E-07,9.82E-07,9.88E-07,3.55E-06,1.92E-06,1.87E-06,8.83E-06,3.09E-06,8.90E-07,7.85E-07,9.35E-07,9.40E-07,5.84E-07,8.58E-07,4.51E-06,7.85E-07,1.01E-06,7.60E-07,9.10E-07,1.80E-06,1.67E-06,9.66E-07,9.72E-07,9.46E-07,1.96E-06,8.29E-08,1.07E-07,-7.83E-08,-2.10E-08,5.03E-08,1.15E-08,1.19E-08,3.51E-09,5.54E-06,9.96E-07,3.55E-06,5.25E-06,1.16E-06,-1.16E-05
2.00E-06,-1.24E-05,5.88E-10,-3.30E-09,-5.09E-07,1.39E-07,-4.27E-08,0.000537227,9.48E-07,1.00E-06,9.87E-07,6.81E-09,3.20E-06,9.69E-07,9.64E-07,9.67E-07,9.62E-07,9.81E-07,9.87E-07,3.55E-06,1.92E-06,1.87E-06,8.84E-06,3.00E-06,8.92E-07,7.85E-07,9.41E-07,9.46E-07,4.54E-07,8.58E-07,4.57E-06,7.85E-07,1.02E-06,7.48E-07,9.06E-07,1.79E-06,1.66E-06,9.66E-07,9.71E-07,9.45E-07,1.96E-06,8.52E-08,1.09E-07,-8.10E-08,-2.19E-08,4.98E-08,1.14E-08,1.19E-08,3.51E-09,6.10E-06,9.96E-07,3.55E-06,5.37E-06,1.17E-06,-1.24E-05
2.00E-06,-1.35E-05,6.27E-10,-4.44E-09,-5.49E-07,1.53E-07,-4.49E-08,0.000596202,7.72E-07,1.00E-06,9.86E-07,1.48E-09,3.10E-06,9.69E-07,9.63E-07,9.66E-07,9.61E-07,9.80E-07,9.85E-07,3.55E-06,1.92E-06,1.87E-06,8.87E-06,2.89E-06,8.94E-07,7.85E-07,9.48E-07,9.54E-07,3.33E-07,8.58E-07,4.64E-06,7.85E-07,1.04E-06,7.36E-07,9.00E-07,1.78E-06,1.65E-06,9.65E-07,9.71E-07,9.45E-07,1.95E-06,8.86E-08,1.15E-07,-8.91E-08,-2.50E-08,4.88E-08,1.14E-08,1.19E-08,3.51E-09,6.83E-06,9.97E-07,3.55E-06,5.49E-06,1.19E-06,-1.35E-05
2.00E-06,-1.47E-05,6.79E-10,-5.88E-09,-6.06E-07,1.69E-07,-4.81E-08,0.00067529,5.70E-07,9.99E-07,9.85E-07,-5.67E-09,2.96E-06,9.68E-07,9.63E-07,9.66E-07,9.60E-07,9.79E-07,9.84E-07,3.54E-06,1.92E-06,1.87E-06,8.89E-06,2.75E-06,8.97E-07,7.85E-07,9.57E-07,9.63E-07,2.35E-07,8.58E-07,4.72E-06,7.85E-07,1.06E-06,7.24E-07,8.93E-07,1.77E-06,1.63E-06,9.64E-07,9.70E-07,9.44E-07,1.94E-06,9.30E-08,1.22E-07,-1.00E-07,-2.94E-08,4.73E-08,1.14E-08,1.20E-08,3.52E-09,7.70E-06,9.97E-07,3.54E-06,5.63E-06,1.21E-06,-1.47E-05
2.00E-06,-1.63E-05,7.19E-10,-7.58E-09,-6.48E-07,1.89E-07,-5.01E-08,0.000778995,3.74E-07,9.98E-07,9.83E-07,-1.18E-08,2.80E-06,9.68E-07,9.62E-07,9.65E-07,9.59E-07,9.78E-07,9.82E-07,3.54E-06,1.91E-06,1.87E-06,8.92E-06,2.59E-06,9.00E-07,7.85E-07,9.68E-07,9.74E-07,1.59E-07,8.58E-07,4.81E-06,7.85E-07,1.08E-06,7.06E-07,8.86E-07,1.75E-06,1.62E-06,9.62E-07,9.69E-07,9.44E-07,1.94E-06,9.76E-08,1.29E-07,-1.09E-07,-3.31E-08,4.61E-08,1.14E-08,1.20E-08,3.53E-09,8.73E-06,9.97E-07,3.54E-06,5.77E-06,1.23E-06,-1.63E-05
2.00E-06,-1.77E-05,7.22E-10,-9.22E-09,-6.51E-07,2.13E-07,-4.92E-08,0.000890204,2.36E-07,9.97E-07,9.82E-07,-1.41E-08,2.64E-06,9.67E-07,9.61E-07,9.64E-07,9.58E-07,9.77E-07,9.80E-07,3.53E-06,1.91E-06,1.87E-06,8.93E-06,2.44E-06,9.02E-07,7.85E-07,9.79E-07,9.85E-07,1.12E-07,8.58E-07,4.88E-06,7.85E-07,1.10E-06,6.87E-07,8.78E-07,1.74E-06,1.60E-06,9.61E-07,9.69E-07,9.43E-07,1.93E-06,1.01E-07,1.33E-07,-1.11E-07,-3.44E-08,4.54E-08,1.13E-08,1.19E-08,3.52E-09,9.75E-06,9.98E-07,3.53E-06,5.89E-06,1.24E-06,-1.77E-05
2.00E-06,-1.93E-05,6.90E-10,-1.12E-08,-6.16E-07,2.43E-07,-4.53E-08,0.001033229,1.33E-07,9.97E-07,9.81E-07,-1.28E-08,2.47E-06,9.66E-07,9.60E-07,9.63E-07,9.57E-07,9.76E-07,9.79E-07,3.53E-06,1.91E-06,1.87E-06,8.93E-06,2.28E-06,9.02E-07,7.85E-07,9.91E-07,9.97E-07,7.68E-08,8.58E-07,4.96E-06,7.85E-07,1.12E-06,6.61E-07,8.70E-07,1.72E-06,1.59E-06,9.60E-07,9.68E-07,9.42E-07,1.93E-06,1.05E-07,1.34E-07,-1.08E-07,-3.33E-08,4.52E-08,1.12E-08,1.19E-08,3.50E-09,1.10E-05,9.98E-07,3.53E-06,6.02E-06,1.26E-06,-1.93E-05
2.00E-06,-2.07E-05,6.33E-10,-1.33E-08,-5.60E-07,2.77E-07,-3.93E-08,0.001204078,6.70E-08,9.97E-07,9.80E-07,-8.89E-09,2.30E-06,9.65E-07,9.60E-07,9.61E-07,9.56E-07,9.75E-07,9.77E-07,3.53E-06,1.91E-06,1.86E-06,8.92E-06,2.13E-06,9.01E-07,7.85E-07,1.00E-06,1.01E-06,5.32E-08,8.58E-07,5.04E-06,7.85E-07,1.15E-06,6.32E-07,8.61E-07,1.71E-06,1.57E-06,9.59E-07,9.67E-07,9.42E-07,1.94E-06,1.09E-07,1.34E-07,-1.01E-07,-3.05E-08,4.52E-08,1.11E-08,1.18E-08,3.47E-09,1.23E-05,9.98E-07,3.53E-06,6.13E-06,1.27E-06,-2.07E-05
2.00E-06,-2.19E-05,5.76E-10,-1.57E-08,-5.02E-07,3.12E-07,-3.27E-08,0.001420159,1.66E-08,9.97E-07,9.80E-07,-4.50E-09,2.13E-06,9.64E-07,9.59E-07,9.60E-07,9.55E-07,9.74E-07,9.74E-07,3.54E-06,1.90E-06,1.86E-06,8.91E-06,1.98E-06,9.00E-07,7.85E-07,1.02E-06,1.02E-06,3.64E-08,8.58E-07,5.11E-06,7.85E-07,1.17E-06,6.03E-07,8.51E-07,1.69E-06,1.56E-06,9.58E-07,9.66E-07,9.41E-07,1.94E-06,1.14E-07,1.35E-07,-9.43E-08,-2.75E-08,4.57E-08,1.09E-08,1.17E-08,3.44E-09,1.38E-05,9.99E-07,3.54E-06,6.23E-06,1.29E-06,-2.19E-05
2.00E-06,-2.29E-05,5.42E-10,-1.81E-08,-4.65E-07,3.40E-07,-2.80E-08,0.001645226,-2.25E-08,9.98E-07,9.79E-07,-1.88E-09,1.99E-06,9.63E-07,9.58E-07,9.59E-07,9.54E-07,9.73E-07,9.72E-07,3.54E-06,1.90E-06,1.85E-06,8.89E-06,1.86E-06,8.99E-07,7.85E-07,1.03E-06,1.03E-06,2.60E-08,8.58E-07,5.17E-06,7.85E-07,1.19E-06,5.80E-07,8.43E-07,1.67E-06,1.54E-06,9.58E-07,9.65E-07,9.40E-07,1.94E-06,1.19E-07,1.36E-07,-9.02E-08,-2.55E-08,4.58E-08,1.08E-08,1.16E-08,3.42E-09,1.53E-05,9.99E-07,3.54E-06,6.30E-06,1.30E-06,-2.29E-05
2.00E-06,-2.37E-05,5.23E-10,-2.08E-08,-4.36E-07,3.70E-07,-2.42E-08,0.001927902,-5.97E-08,9.98E-07,9.79E-07,-2.69E-10,1.85E-06,9.63E-07,9.57E-07,9.58E-07,9.53E-07,9.73E-07,9.70E-07,3.54E-06,1.90E-06,1.85E-06,8.88E-06,1.74E-06,8.99E-07,7.85E-07,1.04E-06,1.05E-06,1.78E-08,8.58E-07,5.22E-06,7.85E-07,1.21E-06,5.57E-07,8.35E-07,1.66E-06,1.53E-06,9.57E-07,9.64E-07,9.40E-07,1.94E-06,1.24E-07,1.39E-07,-8.75E-08,-2.42E-08,4.58E-08,1.07E-08,1.15E-08,3.40E-09,1.69E-05,9.99E-07,3.54E-06,6.36E-06,1.31E-06,-2.37E-05
2.00E-06,-2.47E-05,5.03E-10,-2.48E-08,-3.89E-07,4.12E-07,-1.89E-08,0.002417904,-8.98E-08,9.99E-07,9.78E-07,3.21E-09,1.67E-06,9.61E-07,9.56E-07,9.57E-07,9.52E-07,9.72E-07,9.67E-07,3.54E-06,1.90E-06,1.84E-06,8.86E-06,1.57E-06,8.98E-07,7.85E-07,1.06E-06,1.06E-06,1.01E-08,8.59E-07,5.28E-06,7.85E-07,1.24E-06,5.25E-07,8.24E-07,1.63E-06,1.51E-06,9.56E-07,9.63E-07,9.39E-07,1.95E-06,1.33E-07,1.42E-07,-8.25E-08,-2.16E-08,4.59E-08,1.06E-08,1.14E-08,3.37E-09,1.93E-05,1.00E-06,3.54E-06,6.43E-06,1.32E-06,-2.47E-05
2.00E-06,-2.51E-05,4.72E-10,-2.87E-08,-3.19E-07,4.57E-07,-1.21E-08,0.003025177,-8.48E-08,1.00E-06,9.77E-07,1.13E-08,1.51E-06,9.60E-07,9.54E-07,9.56E-07,9.51E-07,9.71E-07,9.64E-07,3.54E-06,1.90E-06,1.83E-06,8.83E-06,1.44E-06,8.96E-07,7.84E-07,1.07E-06,1.08E-06,6.81E-09,8.59E-07,5.33E-06,7.85E-07,1.26E-06,4.91E-07,8.14E-07,1.61E-06,1.49E-06,9.56E-07,9.62E-07,9.38E-07,1.95E-06,1.43E-07,1.43E-07,-7.31E-08,-1.64E-08,4.69E-08,1.04E-08,1.13E-08,3.34E-09,2.19E-05,1.00E-06,3.54E-06,6.48E-06,1.33E-06,-2.51E-05
2.00E-06,-2.49E-05,4.34E-10,-3.23E-08,-2.40E-07,4.99E-07,-4.59E-09,0.003682774,-5.75E-08,1.00E-06,9.77E-07,2.28E-08,1.41E-06,9.59E-07,9.53E-07,9.55E-07,9.50E-07,9.71E-07,9.61E-07,3.54E-06,1.90E-06,1.82E-06,8.79E-06,1.34E-06,8.93E-07,7.84E-07,1.08E-06,1.09E-06,6.67E-09,8.59E-07,5.37E-06,7.85E-07,1.27E-06,4.59E-07,8.07E-07,1.60E-06,1.48E-06,9.55E-07,9.61E-07,9.37E-07,1.97E-06,1.52E-07,1.43E-07,-6.13E-08,-9.24E-09,4.83E-08,1.02E-08,1.11E-08,3.30E-09,2.43E-05,1.00E-06,3.54E-06,6.51E-06,1.33E-06,-2.49E-05
2.00E-06,-2.34E-05,3.88E-10,-3.69E-08,-1.35E-07,5.51E-07,5.81E-09,0.00468761,-8.33E-09,1.00E-06,9.77E-07,4.04E-08,1.32E-06,9.58E-07,9.52E-07,9.54E-07,9.49E-07,9.71E-07,9.58E-07,3.54E-06,1.90E-06,1.81E-06,8.72E-06,1.27E-06,8.88E-07,7.84E-07,1.10E-06,1.10E-06,8.63E-09,8.60E-07,5.40E-06,7.85E-07,1.28E-06,4.22E-07,7.99E-07,1.58E-06,1.47E-06,9.55E-07,9.60E-07,9.36E-07,1.98E-06,1.67E-07,1.41E-07,-4.54E-08,1.70E-09,5.09E-08,9.93E-09,1.10E-08,3.25E-09,2.78E-05,1.00E-06,3.54E-06,6.53E-06,1.34E-06,-2.34E-05
2.00E-06,-1.95E-05,3.63E-10,-4.21E-08,-2.25E-08,6.02E-07,1.73E-08,0.006046852,5.37E-08,1.00E-06,9.78E-07,6.09E-08,1.28E-06,9.56E-07,9.50E-07,9.53E-07,9.48E-07,9.71E-07,9.54E-07,3.54E-06,1.90E-06,1.80E-06,8.63E-06,1.26E-06,8.82E-07,7.84E-07,1.10E-06,1.11E-06,1.24E-08,8.60E-07,5.42E-06,7.85E-07,1.27E-06,3.90E-07,7.94E-07,1.57E-06,1.46E-06,9.55E-07,9.58E-07,9.35E-07,2.00E-06,1.88E-07,1.41E-07,-2.90E-08,1.53E-08,5.44E-08,9.70E-09,1.08E-08,3.20E-09,3.22E-05,1.00E-06,3.54E-06,6.52E-06,1.33E-06,-1.95E-05
2.00E-06,-1.52E-05,3.72E-10,-4.55E-08,4.65E-08,6.28E-07,2.44E-08,0.007069139,9.76E-08,1.01E-06,9.78E-07,7.42E-08,1.32E-06,9.56E-07,9.50E-07,9.53E-07,9.48E-07,9.72E-07,9.52E-07,3.54E-06,1.90E-06,1.78E-06,8.57E-06,1.30E-06,8.77E-07,7.84E-07,1.10E-06,1.11E-06,1.55E-08,8.61E-07,5.42E-06,7.85E-07,1.25E-06,3.76E-07,7.93E-07,1.56E-06,1.46E-06,9.56E-07,9.57E-07,9.34E-07,2.02E-06,2.05E-07,1.44E-07,-2.00E-08,2.47E-08,5.71E-08,9.59E-09,1.07E-08,3.18E-09,3.55E-05,1.00E-06,3.54E-06,6.51E-06,1.33E-06,-1.52E-05
2.00E-06,-1.05E-05,3.95E-10,-4.80E-08,1.05E-07,6.43E-07,2.99E-08,0.007932863,1.42E-07,1.01E-06,9.79E-07,8.42E-08,1.39E-06,9.55E-07,9.49E-07,9.52E-07,9.47E-07,9.72E-07,9.50E-07,3.54E-06,1.90E-06,1.77E-06,8.50E-06,1.38E-06,8.73E-07,7.84E-07,1.10E-06,1.11E-06,1.82E-08,8.61E-07,5.42E-06,7.85E-07,1.23E-06,3.72E-07,7.95E-07,1.56E-06,1.47E-06,9.56E-07,9.57E-07,9.33E-07,2.03E-06,2.21E-07,1.46E-07,-1.33E-08,3.26E-08,5.96E-08,9.55E-09,1.06E-08,3.16E-09,3.86E-05,1.00E-06,3.54E-06,6.48E-06,1.32E-06,-1.05E-05
2.00E-06,-4.97E-06,4.31E-10,-5.00E-08,1.62E-07,6.48E-07,3.46E-08,0.008710194,1.93E-07,1.01E-06,9.79E-07,9.23E-08,1.50E-06,9.54E-07,9.48E-07,9.52E-07,9.47E-07,9.73E-07,9.49E-07,3.54E-06,1.90E-06,1.76E-06,8.44E-06,1.50E-06,8.68E-07,7.84E-07,1.09E-06,1.10E-06,2.05E-08,8.61E-07,5.41E-06,7.85E-07,1.19E-06,3.75E-07,7.99E-07,1.57E-06,1.48E-06,9.57E-07,9.56E-07,9.33E-07,2.04E-06,2.37E-07,1.50E-07,-7.56E-09,3.99E-08,6.21E-08,9.55E-09,1.06E-08,3.15E-09,4.16E-05,1.00E-06,3.54E-06,6.46E-06,1.32E-06,-4.97E-06
2.00E-06,1.69E-06,4.93E-10,-5.16E-08,2.15E-07,6.43E-07,3.83E-08,0.009423614,2.54E-07,1.01E-06,9.80E-07,9.78E-08,1.67E-06,9.54E-07,9.48E-07,9.52E-07,9.47E-07,9.73E-07,9.48E-07,3.53E-06,1.90E-06,1.76E-06,8.36E-06,1.69E-06,8.63E-07,7.84E-07,1.08E-06,1.08E-06,2.23E-08,8.62E-07,5.40E-06,7.85E-07,1.15E-06,3.88E-07,8.05E-07,1.58E-06,1.49E-06,9.57E-07,9.56E-07,9.32E-07,2.05E-06,2.54E-07,1.54E-07,-3.17E-09,4.62E-08,6.46E-08,9.63E-09,1.06E-08,3.14E-09,4.49E-05,9.99E-07,3.53E-06,6.42E-06,1.31E-06,1.69E-06
2.00E-06,1.13E-05,6.18E-10,-5.26E-08,2.65E-07,6.16E-07,4.02E-08,0.010159973,3.41E-07,1.01E-06,9.80E-07,9.85E-08,1.98E-06,9.54E-07,9.48E-07,9.53E-07,9.48E-07,9.74E-07,9.47E-07,3.53E-06,1.90E-06,1.74E-06,8.27E-06,2.01E-06,8.58E-07,7.84E-07,1.05E-06,1.06E-06,2.31E-08,8.62E-07,5.37E-06,7.85E-07,1.09E-06,4.20E-07,8.18E-07,1.60E-06,1.51E-06,9.58E-07,9.56E-07,9.32E-07,2.05E-06,2.71E-07,1.61E-07,-9.88E-10,5.13E-08,6.75E-08,9.85E-09,1.06E-08,3.16E-09,4.94E-05,9.99E-07,3.53E-06,6.36E-06,1.30E-06,1.13E-05
2.00E-06,2.32E-05,8.36E-10,-5.23E-08,2.80E-07,5.57E-07,3.76E-08,0.010804414,4.58E-07,1.01E-06,9.80E-07,9.14E-08,2.47E-06,9.54E-07,9.48E-07,9.53E-07,9.48E-07,9.74E-07,9.47E-07,3.49E-06,1.90E-06,1.74E-06,8.18E-06,2.51E-06,8.52E-07,7.83E-07,1.02E-06,1.03E-06,2.18E-08,8.62E-07,5.31E-06,7.85E-07,1.01E-06,4.81E-07,8.41E-07,1.64E-06,1.55E-06,9.58E-07,9.55E-07,9.31E-07,2.04E-06,2.82E-07,1.68E-07,-3.10E-09,5.17E-08,6.99E-08,1.03E-08,1.08E-08,3.20E-09,5.46E-05,9.98E-07,3.49E-06,6.18E-06,1.28E-06,2.32E-05
2.00E-06,3.08E-05,1.02E-09,-5.06E-08,2.48E-07,5.02E-07,3.29E-08,0.011132692,5.37E-07,1.01E-06,9.78E-07,8.54E-08,2.84E-06,9.53E-07,9.47E-07,9.53E-07,9.48E-07,9.72E-07,9.48E-07,3.41E-06,1.90E-06,1.73E-06,8.13E-06,2.89E-06,8.50E-07,7.83E-07,1.00E-06,1.01E-06,2.02E-08,8.62E-07,5.21E-06,7.85E-07,9.61E-07,5.32E-07,8.60E-07,1.68E-06,1.58E-06,9.57E-07,9.54E-07,9.29E-07,2.03E-06,2.81E-07,1.72E-07,-6.94E-09,4.83E-08,7.09E-08,1.07E-08,1.10E-08,3.25E-09,5.75E-05,9.98E-07,3.41E-06,5.89E-06,1.25E-06,3.08E-05
2.00E-06,3.70E-05,1.21E-09,-4.84E-08,1.99E-07,4.47E-07,2.72E-08,0.011416657,6.04E-07,1.01E-06,9.73E-07,7.67E-08,3.19E-06,9.53E-07,9.47E-07,9.52E-07,9.47E-07,9.69E-07,9.47E-07,3.33E-06,1.89E-06,1.73E-06,8.10E-06,3.24E-06,8.49E-07,7.83E-07,9.83E-07,9.91E-07,1.94E-08,8.62E-07,5.08E-06,7.85E-07,9.24E-07,5.81E-07,8.79E-07,1.71E-06,1.62E-06,9.53E-07,9.52E-07,9.27E-07,2.01E-06,2.74E-07,1.74E-07,-1.06E-08,4.34E-08,7.14E-08,1.11E-08,1.12E-08,3.31E-09,5.95E-05,9.98E-07,3.33E-06,5.60E-06,1.22E-06,3.70E-05
2.00E-06,4.21E-05,1.39E-09,-4.70E-08,1.47E-07,3.91E-07,2.11E-08,0.011738964,6.58E-07,1.00E-06,9.68E-07,6.47E-08,3.50E-06,9.51E-07,9.45E-07,9.50E-07,9.45E-07,9.64E-07,9.45E-07,3.27E-06,1.88E-06,1.74E-06,8.09E-06,3.55E-06,8.49E-07,7.83E-07,9.67E-07,9.74E-07,2.05E-08,8.62E-07,4.96E-06,7.85E-07,8.97E-07,6.28E-07,8.99E-07,1.75E-06,1.65E-06,9.49E-07,9.49E-07,9.24E-07,1.99E-06,2.62E-07,1.73E-07,-1.36E-08,3.79E-08,7.18E-08,1.15E-08,1.14E-08,3.36E-09,6.12E-05,9.97E-07,3.27E-06,5.40E-06,1.18E-06,4.21E-05
2.00E-06,4.61E-05,1.57E-09,-4.79E-08,9.67E-08,3.37E-07,1.53E-08,0.012167981,7.00E-07,9.96E-07,9.61E-07,5.27E-08,3.75E-06,9.49E-07,9.43E-07,9.46E-07,9.41E-07,9.57E-07,9.40E-07,3.21E-06,1.87E-06,1.74E-06,8.10E-06,3.80E-06,8.49E-07,7.83E-07,9.53E-07,9.60E-07,2.49E-08,8.62E-07,4.84E-06,7.85E-07,8.78E-07,6.71E-07,9.17E-07,1.79E-06,1.69E-06,9.43E-07,9.44E-07,9.19E-07,1.97E-06,2.47E-07,1.70E-07,-1.53E-08,3.24E-08,7.20E-08,1.19E-08,1.16E-08,3.41E-09,6.27E-05,9.97E-07,3.21E-06,5.22E-06,1.15E-06,4.61E-05
2.00E-06,4.94E-05,1.75E-09,-5.33E-08,5.67E-08,2.81E-07,1.00E-08,0.012832839,7.31E-07,9.86E-07,9.53E-07,4.23E-08,3.97E-06,9.44E-07,9.38E-07,9.39E-07,9.35E-07,9.49E-07,9.31E-07,3.13E-06,1.86E-06,1.75E-06,8.11E-06,4.02E-06,8.49E-07,7.83E-07,9.40E-07,9.47E-07,3.59E-08,8.62E-07,4.71E-06,7.85E-07,8.67E-07,7.13E-07,9.35E-07,1.83E-06,1.72E-06,9.35E-07,9.38E-07,9.13E-07,1.94E-06,2.28E-07,1.65E-07,-1.53E-08,2.72E-08,7.26E-08,1.23E-08,1.18E-08,3.46E-09,6.44E-05,9.97E-07,3.13E-06,5.04E-06,1.12E-06,4.94E-05
2.00E-06,5.25E-05,1.94E-09,-6.85E-08,3.97E-08,2.13E-07,5.75E-09,0.014063227,7.61E-07,9.72E-07,9.40E-07,3.28E-08,4.18E-06,9.35E-07,9.29E-07,9.28E-07,9.24E-07,9.36E-07,9.12E-07,2.99E-06,1.83E-06,1.76E-06,8.14E-06,4.23E-06,8.48E-07,7.83E-07,9.25E-07,9.32E-07,6.74E-08,8.62E-07,4.55E-06,7.85E-07,8.62E-07,7.60E-07,9.52E-07,1.87E-06,1.75E-06,9.22E-07,9.27E-07,9.02E-07,1.91E-06,2.06E-07,1.58E-07,-1.28E-08,2.28E-08,7.38E-08,1.28E-08,1.21E-08,3.52E-09,6.64E-05,9.97E-07,2.99E-06,4.80E-06,1.08E-06,5.25E-05
2.00E-06,5.45E-05,2.06E-09,-8.99E-08,5.38E-08,1.59E-07,4.47E-09,0.01539456,7.84E-07,9.60E-07,9.28E-07,2.65E-08,4.32E-06,9.25E-07,9.19E-07,9.16E-07,9.13E-07,9.24E-07,8.89E-07,2.85E-06,1.81E-06,1.77E-06,8.16E-06,4.37E-06,8.47E-07,7.83E-07,9.15E-07,9.21E-07,1.25E-07,8.62E-07,4.41E-06,7.85E-07,8.61E-07,7.96E-07,9.61E-07,1.89E-06,1.77E-06,9.11E-07,9.16E-07,8.91E-07,1.89E-06,1.92E-07,1.53E-07,-9.83E-09,2.11E-08,7.55E-08,1.32E-08,1.22E-08,3.56E-09,6.78E-05,9.96E-07,2.85E-06,4.60E-06,1.04E-06,5.45E-05
2.00E-06,5.60E-05,2.13E-09,-1.13E-07,7.23E-08,1.15E-07,4.43E-09,0.016679517,8.04E-07,9.50E-07,9.20E-07,2.15E-08,4.42E-06,9.15E-07,9.09E-07,9.06E-07,9.03E-07,9.16E-07,8.67E-07,2.72E-06,1.79E-06,1.78E-06,8.18E-06,4.47E-06,8.46E-07,7.83E-07,9.06E-07,9.12E-07,2.29E-07,8.62E-07,4.29E-06,7.85E-07,8.61E-07,8.26E-07,9.66E-07,1.89E-06,1.78E-06,9.02E-07,9.07E-07,8.82E-07,1.87E-06,1.83E-07,1.49E-07,-7.65E-09,2.04E-08,7.70E-08,1.35E-08,1.24E-08,3.60E-09,6.87E-05,9.96E-07,2.72E-06,4.43E-06,1.01E-06,5.60E-05
2.00E-06,5.74E-05,2.18E-09,-1.38E-07,8.43E-08,6.97E-08,4.41E-09,0.01814385,8.22E-07,9.43E-07,9.14E-07,1.67E-08,4.51E-06,9.05E-07,8.98E-07,8.97E-07,8.94E-07,9.09E-07,8.45E-07,2.61E-06,1.78E-06,1.79E-06,8.19E-06,4.57E-06,8.44E-07,7.83E-07,8.97E-07,9.03E-07,4.88E-07,8.62E-07,4.19E-06,7.85E-07,8.58E-07,8.57E-07,9.68E-07,1.90E-06,1.79E-06,8.96E-07,8.99E-07,8.75E-07,1.86E-06,1.76E-07,1.47E-07,-6.12E-09,1.97E-08,7.88E-08,1.39E-08,1.25E-08,3.64E-09,6.92E-05,9.96E-07,2.61E-06,4.28E-06,9.89E-07,5.74E-05
2.00E-06,5.87E-05,2.24E-09,-1.64E-07,8.53E-08,1.82E-08,2.86E-09,0.020199585,8.31E-07,9.40E-07,9.13E-07,1.18E-08,4.57E-06,8.95E-07,8.88E-07,8.89E-07,8.87E-07,9.07E-07,8.25E-07,2.51E-06,1.77E-06,1.81E-06,8.22E-06,4.63E-06,8.44E-07,7.83E-07,8.85E-07,8.91E-07,1.44E-06,8.62E-07,4.09E-06,7.85E-07,8.54E-07,8.92E-07,9.68E-07,1.90E-06,1.79E-06,8.93E-07,8.94E-07,8.70E-07,1.85E-06,1.71E-07,1.47E-07,-4.93E-09,1.88E-08,8.12E-08,1.44E-08,1.27E-08,3.70E-09,6.94E-05,9.95E-07,2.51E-06,4.14E-06,9.64E-07,5.87E-05
2.00E-06,5.93E-05,2.29E-09,-1.75E-07,7.73E-08,-1.62E-08,-7.94E-10,0.022388781,8.25E-07,9.43E-07,9.17E-07,8.92E-09,4.54E-06,8.91E-07,8.84E-07,8.89E-07,8.85E-07,9.10E-07,8.21E-07,2.46E-06,1.78E-06,1.82E-06,8.26E-06,4.59E-06,8.45E-07,7.83E-07,8.76E-07,8.81E-07,3.58E-06,8.62E-07,4.04E-06,7.85E-07,8.53E-07,9.11E-07,9.63E-07,1.89E-06,1.78E-06,8.96E-07,8.95E-07,8.71E-07,1.86E-06,1.67E-07,1.47E-07,-4.22E-09,1.81E-08,8.37E-08,1.49E-08,1.30E-08,3.76E-09,6.94E-05,9.94E-07,2.46E-06,4.06E-06,9.52E-07,5.93E-05
2.00E-06,5.94E-05,2.32E-09,-1.71E-07,6.94E-08,-2.76E-08,-4.21E-09,0.024275173,8.12E-07,9.48E-07,9.22E-07,7.78E-09,4.47E-06,8.92E-07,8.85E-07,8.92E-07,8.89E-07,9.16E-07,8.29E-07,2.44E-06,1.79E-06,1.83E-06,8.30E-06,4.50E-06,8.47E-07,7.83E-07,8.72E-07,8.77E-07,5.75E-06,8.61E-07,4.03E-06,7.85E-07,8.56E-07,9.13E-07,9.55E-07,1.88E-06,1.77E-06,9.01E-07,8.99E-07,8.75E-07,1.87E-06,1.66E-07,1.48E-07,-3.76E-09,1.79E-08,8.59E-08,1.53E-08,1.32E-08,3.82E-09,6.92E-05,9.94E-07,2.44E-06,4.04E-06,9.50E-07,5.94E-05
2.01E-06,5.93E-05,2.32E-09,-1.56E-07,6.26E-08,-2.45E-08,-6.33E-09,0.026313872,7.99E-07,9.55E-07,9.30E-07,7.28E-09,4.37E-06,8.95E-07,8.89E-07,8.98E-07,8.94E-07,9.23E-07,8.46E-07,2.43E-06,1.80E-06,1.83E-06,8.34E-06,4.38E-06,8.51E-07,7.83E-07,8.70E-07,8.75E-07,7.23E-06,8.61E-07,4.04E-06,7.85E-07,8.62E-07,9.03E-07,9.45E-07,1.86E-06,1.74E-06,9.08E-07,9.06E-07,8.81E-07,1.88E-06,1.67E-07,1.50E-07,-3.30E-09,1.80E-08,8.83E-08,1.57E-08,1.34E-08,3.88E-09,6.90E-05,9.93E-07,2.43E-06,4.05E-06,9.52E-07,5.93E-05
2.01E-06,5.91E-05,2.30E-09,-1.20E-07,5.34E-08,-4.57E-09,-6.03E-09,0.029662509,7.85E-07,9.67E-07,9.41E-07,7.00E-09,4.23E-06,9.05E-07,8.99E-07,9.10E-07,9.05E-07,9.35E-07,8.83E-07,2.44E-06,1.83E-06,1.83E-06,8.35E-06,4.22E-06,8.54E-07,7.83E-07,8.69E-07,8.74E-07,7.41E-06,8.61E-07,4.08E-06,7.85E-07,8.69E-07,8.77E-07,9.27E-07,1.82E-06,1.71E-06,9.19E-07,9.17E-07,8.93E-07,1.91E-06,1.69E-07,1.53E-07,-2.68E-09,1.86E-08,9.24E-08,1.65E-08,1.38E-08,3.98E-09,6.85E-05,9.92E-07,2.44E-06,4.08E-06,9.61E-07,5.91E-05
2.01E-06,5.90E-05,2.27E-09,-8.73E-08,4.65E-08,1.25E-08,-4.12E-09,0.032277077,7.81E-07,9.76E-07,9.50E-07,6.87E-09,4.17E-06,9.14E-07,9.09E-07,9.19E-07,9.14E-07,9.44E-07,9.15E-07,2.45E-06,1.84E-06,1.82E-06,8.34E-06,4.16E-06,8.56E-07,7.83E-07,8.68E-07,8.73E-07,6.60E-06,8.61E-07,4.12E-06,7.85E-07,8.70E-07,8.57E-07,9.17E-07,1.80E-06,1.69E-06,9.28E-07,9.26E-07,9.01E-07,1.93E-06,1.72E-07,1.57E-07,-2.37E-09,1.92E-08,9.56E-08,1.70E-08,1.41E-08,4.04E-09,6.81E-05,9.92E-07,2.45E-06,4.11E-06,9.70E-07,5.90E-05
2.01E-06,5.88E-05,2.26E-09,-5.83E-08,4.03E-08,2.42E-08,-2.32E-09,0.034683009,7.81E-07,9.84E-07,9.58E-07,6.73E-09,4.15E-06,9.22E-07,9.17E-07,9.27E-07,9.22E-07,9.51E-07,9.42E-07,2.46E-06,1.86E-06,1.82E-06,8.32E-06,4.14E-06,8.57E-07,7.83E-07,8.65E-07,8.70E-07,5.87E-06,8.61E-07,4.15E-06,7.85E-07,8.67E-07,8.43E-07,9.12E-07,1.79E-06,1.68E-06,9.35E-07,9.33E-07,9.08E-07,1.94E-06,1.75E-07,1.60E-07,-2.15E-09,1.97E-08,9.88E-08,1.76E-08,1.43E-08,4.11E-09,6.77E-05,9.91E-07,2.46E-06,4.15E-06,9.77E-07,5.88E-05
2.01E-06,5.85E-05,2.27E-09,-2.87E-08,3.36E-08,3.14E-08,-9.12E-10,0.037428826,7.84E-07,9.91E-07,9.65E-07,6.55E-09,4.14E-06,9.31E-07,9.26E-07,9.35E-07,9.30E-07,9.58E-07,9.70E-07,2.48E-06,1.87E-06,1.81E-06,8.29E-06,4.14E-06,8.57E-07,7.83E-07,8.62E-07,8.67E-07,5.34E-06,8.61E-07,4.18E-06,7.85E-07,8.63E-07,8.33E-07,9.10E-07,1.79E-06,1.68E-06,9.42E-07,9.40E-07,9.15E-07,1.96E-06,1.78E-07,1.64E-07,-1.96E-09,2.02E-08,1.02E-07,1.82E-08,1.46E-08,4.20E-09,6.72E-05,9.91E-07,2.48E-06,4.18E-06,9.86E-07,5.85E-05
2.01E-06,5.81E-05,2.30E-09,4.01E-09,2.58E-08,3.30E-08,-1.66E-11,0.041138981,7.93E-07,1.00E-06,9.74E-07,6.37E-09,4.16E-06,9.41E-07,9.36E-07,9.44E-07,9.39E-07,9.67E-07,1.00E-06,2.51E-06,1.89E-06,1.80E-06,8.27E-06,4.16E-06,8.57E-07,7.83E-07,8.58E-07,8.63E-07,5.01E-06,8.61E-07,4.22E-06,7.85E-07,8.59E-07,8.28E-07,9.11E-07,1.79E-06,1.68E-06,9.51E-07,9.49E-07,9.24E-07,1.97E-06,1.83E-07,1.69E-07,-1.75E-09,2.10E-08,1.07E-07,1.91E-08,1.51E-08,4.33E-09,6.66E-05,9.90E-07,2.51E-06,4.22E-06,9.95E-07,5.81E-05
2.01E-06,5.76E-05,2.34E-09,3.27E-08,1.85E-08,2.76E-08,2.68E-10,0.045576554,8.08E-07,1.01E-06,9.82E-07,6.20E-09,4.18E-06,9.50E-07,9.46E-07,9.53E-07,9.47E-07,9.75E-07,1.03E-06,2.53E-06,1.91E-06,1.80E-06,8.25E-06,4.18E-06,8.57E-07,7.83E-07,8.55E-07,8.60E-07,4.91E-06,8.61E-07,4.26E-06,7.85E-07,8.56E-07,8.30E-07,9.17E-07,1.80E-06,1.69E-06,9.58E-07,9.57E-07,9.32E-07,1.99E-06,1.89E-07,1.76E-07,-1.56E-09,2.21E-08,1.14E-07,2.03E-08,1.57E-08,4.48E-09,6.58E-05,9.90E-07,2.53E-06,4.26E-06,1.00E-06,5.76E-05
2.01E-06,5.73E-05,2.36E-09,4.31E-08,1.54E-08,2.32E-08,2.30E-10,0.047794495,8.17E-07,1.01E-06,9.85E-07,6.13E-09,4.20E-06,9.54E-07,9.50E-07,9.56E-07,9.51E-07,9.78E-07,1.04E-06,2.55E-06,1.91E-06,1.80E-06,8.25E-06,4.20E-06,8.57E-07,7.82E-07,8.54E-07,8.59E-07,4.91E-06,8.61E-07,4.28E-06,7.85E-07,8.56E-07,8.33E-07,9.20E-07,1.81E-06,1.70E-06,9.62E-07,9.61E-07,9.35E-07,2.00E-06,1.93E-07,1.79E-07,-1.50E-09,2.26E-08,1.17E-07,2.08E-08,1.60E-08,4.56E-09,6.55E-05,9.90E-07,2.55E-06,4.28E-06,1.01E-06,5.73E-05
2.01E-06,5.70E-05,2.38E-09,5.13E-08,1.29E-08,1.84E-08,2.01E-10,0.050012833,8.27E-07,1.01E-06,9.88E-07,6.07E-09,4.21E-06,9.57E-07,9.53E-07,9.59E-07,9.54E-07,9.81E-07,1.05E-06,2.56E-06,1.92E-06,1.80E-06,8.25E-06,4.21E-06,8.57E-07,7.82E-07,8.54E-07,8.58E-07,4.93E-06,8.61E-07,4.29E-06,7.85E-07,8.57E-07,8.36E-07,9.23E-07,1.81E-06,1.70E-06,9.64E-07,9.63E-07,9.37E-07,2.00E-06,1.96E-07,1.83E-07,-1.44E-09,2.31E-08,1.20E-07,2.14E-08,1.64E-08,4.67E-09,6.51E-05,9.90E-07,2.56E-06,4.29E-06,1.01E-06,5.70E-05
2.01E-06,5.74E-05,2.33E-09,5.26E-08,6.16E-08,1.81E-08,4.34E-09,0.05011763,8.93E-07,1.02E-06,9.89E-07,1.17E-08,4.25E-06,9.58E-07,9.54E-07,9.60E-07,9.54E-07,9.82E-07,1.05E-06,2.57E-06,1.92E-06,1.80E-06,8.22E-06,4.27E-06,8.55E-07,7.82E-07,8.52E-07,8.57E-07,5.08E-06,8.61E-07,4.29E-06,7.85E-07,8.53E-07,8.36E-07,9.25E-07,1.81E-06,1.71E-06,9.65E-07,9.64E-07,9.38E-07,2.01E-06,1.96E-07,1.80E-07,7.17E-10,2.62E-08,1.22E-07,2.15E-08,1.64E-08,4.66E-09,6.49E-05,9.90E-07,2.57E-06,4.29E-06,1.01E-06,5.74E-05
2.01E-06,5.81E-05,2.32E-09,5.46E-08,5.66E-08,7.55E-09,4.69E-09,0.050248586,9.36E-07,1.02E-06,9.90E-07,1.01E-08,4.30E-06,9.59E-07,9.55E-07,9.61E-07,9.55E-07,9.83E-07,1.05E-06,2.59E-06,1.92E-06,1.80E-06,8.21E-06,4.33E-06,8.54E-07,7.82E-07,8.49E-07,8.54E-07,5.52E-06,8.61E-07,4.30E-06,7.85E-07,8.48E-07,8.46E-07,9.27E-07,1.82E-06,1.71E-06,9.67E-07,9.65E-07,9.39E-07,2.01E-06,1.97E-07,1.81E-07,5.45E-10,2.61E-08,1.23E-07,2.17E-08,1.65E-08,4.69E-09,6.47E-05,9.90E-07,2.59E-06,4.29E-06,1.01E-06,5.81E-05
2.01E-06,5.89E-05,2.33E-09,5.89E-08,5.11E-08,-1.01E-08,3.66E-09,0.050277064,1.03E-06,1.02E-06,9.93E-07,8.07E-09,4.37E-06,9.61E-07,9.57E-07,9.64E-07,9.58E-07,9.87E-07,1.05E-06,2.64E-06,1.93E-06,1.80E-06,8.21E-06,4.40E-06,8.53E-07,7.82E-07,8.45E-07,8.50E-07,6.84E-06,8.61E-07,4.31E-06,7.85E-07,8.41E-07,8.61E-07,9.34E-07,1.83E-06,1.72E-06,9.70E-07,9.68E-07,9.41E-07,2.02E-06,1.98E-07,1.83E-07,5.84E-10,2.62E-08,1.25E-07,2.22E-08,1.67E-08,4.76E-09,6.43E-05,9.90E-07,2.64E-06,4.30E-06,1.02E-06,5.89E-05
2.01E-06,5.92E-05,2.35E-09,6.36E-08,4.22E-08,-2.13E-08,1.21E-09,0.05015665,1.10E-06,1.02E-06,9.97E-07,6.46E-09,4.38E-06,9.64E-07,9.60E-07,9.67E-07,9.61E-07,9.90E-07,1.06E-06,2.68E-06,1.93E-06,1.81E-06,8.23E-06,4.40E-06,8.54E-07,7.82E-07,8.44E-07,8.48E-07,8.12E-06,8.61E-07,4.31E-06,7.85E-07,8.40E-07,8.70E-07,9.39E-07,1.84E-06,1.73E-06,9.73E-07,9.71E-07,9.44E-07,2.02E-06,1.97E-07,1.84E-07,5.79E-10,2.59E-08,1.28E-07,2.26E-08,1.70E-08,4.82E-09,6.39E-05,9.90E-07,2.68E-06,4.30E-06,1.02E-06,5.92E-05
2.01E-06,5.91E-05,2.38E-09,6.97E-08,2.61E-08,-2.64E-08,-1.91E-09,0.05007914,1.16E-06,1.03E-06,1.00E-06,4.67E-09,4.35E-06,9.67E-07,9.63E-07,9.70E-07,9.64E-07,9.93E-07,1.06E-06,2.72E-06,1.94E-06,1.81E-06,8.26E-06,4.36E-06,8.55E-07,7.82E-07,8.45E-07,8.49E-07,8.90E-06,8.61E-07,4.33E-06,7.85E-07,8.45E-07,8.74E-07,9.41E-07,1.85E-06,1.74E-06,9.76E-07,9.74E-07,9.47E-07,2.03E-06,1.97E-07,1.85E-07,3.12E-10,2.53E-08,1.30E-07,2.31E-08,1.72E-08,4.89E-09,6.35E-05,9.90E-07,2.72E-06,4.32E-06,1.02E-06,5.91E-05
2.01E-06,5.86E-05,2.38E-09,7.68E-08,1.84E-08,-2.48E-08,-3.31E-09,0.050091293,1.23E-06,1.03E-06,1.00E-06,4.27E-09,4.31E-06,9.71E-07,9.67E-07,9.73E-07,9.67E-07,9.96E-07,1.07E-06,2.76E-06,1.95E-06,1.82E-06,8.29E-06,4.30E-06,8.57E-07,7.83E-07,8.47E-07,8.52E-07,8.77E-06,8.61E-07,4.34E-06,7.85E-07,8.53E-07,8.71E-07,9.42E-07,1.85E-06,1.74E-06,9.79E-07,9.78E-07,9.51E-07,2.03E-06,1.97E-07,1.86E-07,3.54E-10,2.52E-08,1.32E-07,2.35E-08,1.76E-08,4.99E-09,6.32E-05,9.90E-07,2.76E-06,4.33E-06,1.02E-06,5.86E-05
2.01E-06,5.80E-05,2.34E-09,8.60E-08,1.94E-08,-2.05E-08,-2.18E-09,0.050122828,1.34E-06,1.03E-06,1.01E-06,4.87E-09,4.29E-06,9.75E-07,9.71E-07,9.78E-07,9.72E-07,1.00E-06,1.08E-06,2.82E-06,1.95E-06,1.82E-06,8.32E-06,4.28E-06,8.57E-07,7.83E-07,8.51E-07,8.56E-07,7.84E-06,8.61E-07,4.36E-06,7.85E-07,8.61E-07,8.68E-07,9.42E-07,1.85E-06,1.74E-06,9.83E-07,9.82E-07,9.55E-07,2.04E-06,1.98E-07,1.88E-07,7.31E-10,2.59E-08,1.36E-07,2.42E-08,1.79E-08,5.08E-09,6.26E-05,9.90E-07,2.82E-06,4.35E-06,1.03E-06,5.80E-05
2.01E-06,5.75E-05,2.30E-09,9.18E-08,1.91E-08,-1.95E-08,-7.01E-10,0.050123183,1.45E-06,1.04E-06,1.01E-06,4.97E-09,4.31E-06,9.79E-07,9.75E-07,9.81E-07,9.75E-07,1.00E-06,1.08E-06,2.88E-06,1.96E-06,1.83E-06,8.33E-06,4.30E-06,8.57E-07,7.83E-07,8.53E-07,8.57E-07,7.15E-06,8.61E-07,4.37E-06,7.85E-07,8.63E-07,8.68E-07,9.43E-07,1.85E-06,1.74E-06,9.86E-07,9.85E-07,9.58E-07,2.05E-06,2.00E-07,1.90E-07,9.11E-10,2.65E-08,1.39E-07,2.48E-08,1.83E-08,5.17E-09,6.21E-05,9.90E-07,2.88E-06,4.36E-06,1.03E-06,5.75E-05
2.01E-06,5.71E-05,2.26E-09,9.65E-08,1.56E-08,-2.10E-08,1.88E-10,0.050115722,1.57E-06,1.04E-06,1.01E-06,4.65E-09,4.33E-06,9.82E-07,9.79E-07,9.85E-07,9.78E-07,1.01E-06,1.09E-06,2.95E-06,1.97E-06,1.83E-06,8.34E-06,4.33E-06,8.57E-07,7.83E-07,8.54E-07,8.59E-07,6.79E-06,8.61E-07,4.38E-06,7.85E-07,8.64E-07,8.72E-07,9.45E-07,1.85E-06,1.74E-06,9.89E-07,9.88E-07,9.61E-07,2.06E-06,2.03E-07,1.93E-07,9.51E-10,2.70E-08,1.43E-07,2.54E-08,1.87E-08,5.29E-09,6.16E-05,9.90E-07,2.95E-06,4.37E-06,1.03E-06,5.71E-05
2.01E-06,5.63E-05,2.22E-09,1.01E-07,1.08E-08,-2.49E-08,4.69E-10,0.05011135,1.76E-06,1.05E-06,1.02E-06,4.24E-09,4.36E-06,9.87E-07,9.83E-07,9.89E-07,9.83E-07,1.01E-06,1.09E-06,3.05E-06,1.98E-06,1.84E-06,8.37E-06,4.36E-06,8.57E-07,7.83E-07,8.56E-07,8.61E-07,6.67E-06,8.61E-07,4.40E-06,7.85E-07,8.65E-07,8.78E-07,9.50E-07,1.86E-06,1.75E-06,9.93E-07,9.92E-07,9.65E-07,2.07E-06,2.06E-07,1.97E-07,1.01E-09,2.77E-08,1.47E-07,2.63E-08,1.92E-08,5.43E-09,6.08E-05,9.90E-07,3.05E-06,4.39E-06,1.04E-06,5.63E-05
2.01E-06,5.52E-05,2.16E-09,1.04E-07,5.35E-09,-3.08E-08,2.72E-10,0.050107795,2.04E-06,1.05E-06,1.02E-06,3.71E-09,4.39E-06,9.93E-07,9.89E-07,9.95E-07,9.88E-07,1.02E-06,1.10E-06,3.19E-06,1.99E-06,1.85E-06,8.40E-06,4.39E-06,8.56E-07,7.83E-07,8.59E-07,8.63E-07,6.70E-06,8.61E-07,4.42E-06,7.85E-07,8.67E-07,8.87E-07,9.57E-07,1.88E-06,1.77E-06,9.99E-07,9.98E-07,9.70E-07,2.08E-06,2.12E-07,2.03E-07,1.14E-09,2.87E-08,1.54E-07,2.75E-08,2.01E-08,5.67E-09,5.96E-05,9.90E-07,3.19E-06,4.40E-06,1.04E-06,5.52E-05
2.02E-06,5.40E-05,2.09E-09,1.04E-07,6.28E-10,-3.57E-08,7.51E-11,0.050103354,2.34E-06,1.06E-06,1.03E-06,3.04E-09,4.42E-06,9.99E-07,9.94E-07,1.00E-06,9.93E-07,1.02E-06,1.10E-06,3.34E-06,2.00E-06,1.86E-06,8.45E-06,4.42E-06,8.56E-07,7.83E-07,8.62E-07,8.67E-07,6.66E-06,8.61E-07,4.43E-06,7.85E-07,8.71E-07,8.95E-07,9.63E-07,1.89E-06,1.78E-06,1.00E-06,1.00E-06,9.75E-07,2.09E-06,2.17E-07,2.09E-07,1.28E-09,2.97E-08,1.61E-07,2.88E-08,2.09E-08,5.89E-09,5.84E-05,9.90E-07,3.34E-06,4.41E-06,1.05E-06,5.40E-05
2.02E-06,5.21E-05,1.98E-09,1.03E-07,-5.76E-09,-4.06E-08,2.91E-11,0.050095199,2.77E-06,1.06E-06,1.04E-06,1.61E-09,4.45E-06,1.01E-06,1.00E-06,1.01E-06,1.00E-06,1.03E-06,1.10E-06,3.54E-06,2.01E-06,1.87E-06,8.50E-06,4.45E-06,8.56E-07,7.83E-07,8.67E-07,8.72E-07,6.45E-06,8.61E-07,4.45E-06,7.85E-07,8.76E-07,9.04E-07,9.70E-07,1.90E-06,1.79E-06,1.01E-06,1.01E-06,9.81E-07,2.10E-06,2.25E-07,2.17E-07,1.45E-09,3.09E-08,1.70E-07,3.04E-08,2.21E-08,6.22E-09,5.64E-05,9.90E-07,3.54E-06,4.41E-06,1.05E-06,5.21E-05
2.02E-06,4.91E-05,1.83E-09,1.00E-07,-1.46E-08,-4.49E-08,6.47E-11,0.05007847,3.28E-06,1.07E-06,1.05E-06,-1.14E-09,4.48E-06,1.01E-06,1.01E-06,1.02E-06,1.01E-06,1.04E-06,1.09E-06,3.76E-06,2.03E-06,1.89E-06,8.57E-06,4.48E-06,8.56E-07,7.83E-07,8.73E-07,8.78E-07,6.01E-06,8.61E-07,4.44E-06,7.85E-07,8.83E-07,9.14E-07,9.79E-07,1.92E-06,1.81E-06,1.02E-06,1.02E-06,9.90E-07,2.12E-06,2.36E-07,2.29E-07,1.58E-09,3.25E-08,1.82E-07,3.24E-08,2.37E-08,6.66E-09,5.30E-05,9.91E-07,3.76E-06,4.38E-06,1.06E-06,4.91E-05
2.02E-06,4.55E-05,1.68E-09,9.56E-08,-2.30E-08,-4.69E-08,8.25E-11,0.050057822,3.63E-06,1.08E-06,1.05E-06,5.00E-11,4.50E-06,1.02E-06,1.02E-06,1.02E-06,1.02E-06,1.04E-06,1.09E-06,3.88E-06,2.04E-06,1.91E-06,8.63E-06,4.50E-06,8.56E-07,7.83E-07,8.78E-07,8.83E-07,5.51E-06,8.61E-07,4.41E-06,7.85E-07,8.88E-07,9.22E-07,9.85E-07,1.93E-06,1.82E-06,1.03E-06,1.03E-06,9.96E-07,2.13E-06,2.47E-07,2.40E-07,1.52E-09,3.39E-08,1.92E-07,3.42E-08,2.52E-08,7.06E-09,4.89E-05,9.92E-07,3.88E-06,4.31E-06,1.05E-06,4.55E-05
2.02E-06,4.42E-05,1.63E-09,9.32E-08,-2.72E-08,-4.70E-08,5.57E-11,0.050049235,3.71E-06,1.08E-06,1.05E-06,3.69E-09,4.51E-06,1.02E-06,1.02E-06,1.02E-06,1.02E-06,1.05E-06,1.09E-06,3.90E-06,2.04E-06,1.91E-06,8.65E-06,4.51E-06,8.56E-07,7.83E-07,8.80E-07,8.85E-07,5.34E-06,8.61E-07,4.39E-06,7.85E-07,8.90E-07,9.24E-07,9.87E-07,1.94E-06,1.82E-06,1.03E-06,1.03E-06,9.97E-07,2.14E-06,2.51E-07,2.44E-07,1.43E-09,3.43E-08,1.95E-07,3.47E-08,2.57E-08,7.19E-09,4.74E-05,9.92E-07,3.90E-06,4.27E-06,1.05E-06,4.42E-05
2.02E-06,4.10E-05,1.55E-09,8.32E-08,-3.65E-08,-4.52E-08,-9.75E-11,0.050023644,3.80E-06,1.08E-06,1.05E-06,1.66E-08,4.51E-06,1.02E-06,1.02E-06,1.02E-06,1.02E-06,1.04E-06,1.08E-06,3.90E-06,2.04E-06,1.92E-06,8.68E-06,4.51E-06,8.56E-07,7.83E-07,8.84E-07,8.89E-07,4.88E-06,8.61E-07,4.32E-06,7.85E-07,8.94E-07,9.25E-07,9.89E-07,1.94E-06,1.82E-06,1.03E-06,1.03E-06,9.96E-07,2.13E-06,2.59E-07,2.52E-07,1.13E-09,3.50E-08,2.01E-07,3.58E-08,2.66E-08,7.44E-09,4.36E-05,9.93E-07,3.90E-06,4.15E-06,1.04E-06,4.10E-05
2.02E-06,3.71E-05,1.48E-09,6.37E-08,-4.35E-08,-3.99E-08,-2.15E-10,0.049993258,3.79E-06,1.07E-06,1.04E-06,2.69E-08,4.50E-06,1.02E-06,1.01E-06,1.02E-06,1.01E-06,1.04E-06,1.05E-06,3.85E-06,2.02E-06,1.92E-06,8.71E-06,4.49E-06,8.56E-07,7.83E-07,8.88E-07,8.93E-07,4.32E-06,8.61E-07,4.22E-06,7.85E-07,8.98E-07,9.24E-07,9.88E-07,1.94E-06,1.82E-06,1.02E-06,1.02E-06,9.90E-07,2.11E-06,2.67E-07,2.60E-07,7.21E-10,3.56E-08,2.06E-07,3.68E-08,2.75E-08,7.69E-09,3.90E-05,9.94E-07,3.85E-06,4.01E-06,1.02E-06,3.71E-05
2.02E-06,3.29E-05,1.41E-09,3.72E-08,-3.84E-08,-3.36E-08,1.54E-10,0.049981742,3.73E-06,1.06E-06,1.03E-06,3.13E-08,4.48E-06,1.01E-06,1.01E-06,1.01E-06,1.00E-06,1.03E-06,1.03E-06,3.82E-06,2.01E-06,1.92E-06,8.72E-06,4.48E-06,8.56E-07,7.83E-07,8.90E-07,8.96E-07,3.88E-06,8.61E-07,4.16E-06,7.85E-07,9.01E-07,9.21E-07,9.86E-07,1.93E-06,1.82E-06,1.01E-06,1.01E-06,9.83E-07,2.10E-06,2.76E-07,2.69E-07,5.86E-10,3.64E-08,2.12E-07,3.78E-08,2.84E-08,7.93E-09,3.47E-05,9.94E-07,3.82E-06,3.98E-06,1.01E-06,3.29E-05
2.02E-06,2.97E-05,1.36E-09,1.54E-08,-3.13E-08,-2.96E-08,5.59E-10,0.049984178,3.67E-06,1.06E-06,1.03E-06,3.40E-08,4.48E-06,1.01E-06,9.99E-07,1.00E-06,9.97E-07,1.02E-06,1.01E-06,3.80E-06,2.00E-06,1.92E-06,8.72E-06,4.47E-06,8.56E-07,7.83E-07,8.91E-07,8.97E-07,3.70E-06,8.61E-07,4.14E-06,7.85E-07,9.00E-07,9.18E-07,9.83E-07,1.93E-06,1.81E-06,1.00E-06,1.01E-06,9.77E-07,2.08E-06,2.82E-07,2.75E-07,6.47E-10,3.73E-08,2.17E-07,3.86E-08,2.91E-08,8.13E-09,3.15E-05,9.95E-07,3.80E-06,3.99E-06,1.01E-06,2.97E-05
2.02E-06,2.59E-05,1.30E-09,-9.20E-09,-2.25E-08,-2.65E-08,7.88E-10,0.049990706,3.61E-06,1.05E-06,1.02E-06,3.74E-08,4.47E-06,9.98E-07,9.91E-07,9.96E-07,9.90E-07,1.01E-06,9.83E-07,3.78E-06,1.98E-06,1.92E-06,8.71E-06,4.47E-06,8.55E-07,7.83E-07,8.91E-07,8.96E-07,3.73E-06,8.61E-07,4.12E-06,7.85E-07,8.97E-07,9.17E-07,9.80E-07,1.92E-06,1.81E-06,9.97E-07,9.98E-07,9.70E-07,2.07E-06,2.91E-07,2.84E-07,7.94E-10,3.85E-08,2.24E-07,3.99E-08,3.02E-08,8.44E-09,2.78E-05,9.95E-07,3.78E-06,4.00E-06,1.01E-06,2.59E-05
2.03E-06,2.07E-05,1.22E-09,-3.46E-08,-1.28E-08,-2.30E-08,5.21E-10,0.049996997,3.54E-06,1.04E-06,1.01E-06,4.19E-08,4.45E-06,9.88E-07,9.82E-07,9.87E-07,9.81E-07,1.01E-06,9.60E-07,3.75E-06,1.97E-06,1.92E-06,8.69E-06,4.45E-06,8.54E-07,7.84E-07,8.88E-07,8.94E-07,4.04E-06,8.61E-07,4.09E-06,7.85E-07,8.92E-07,9.12E-07,9.74E-07,1.91E-06,1.80E-06,9.90E-07,9.90E-07,9.63E-07,2.05E-06,3.08E-07,3.00E-07,9.77E-10,4.07E-08,2.37E-07,4.21E-08,3.21E-08,8.96E-09,2.27E-05,9.95E-07,3.75E-06,4.00E-06,1.01E-06,2.07E-05
2.03E-06,1.69E-05,1.16E-09,-4.49E-08,-7.09E-09,-1.94E-08,2.30E-10,0.050000853,3.50E-06,1.04E-06,1.01E-06,4.51E-08,4.42E-06,9.83E-07,9.76E-07,9.82E-07,9.76E-07,1.00E-06,9.50E-07,3.73E-06,1.96E-06,1.91E-06,8.66E-06,4.42E-06,8.54E-07,7.84E-07,8.85E-07,8.90E-07,4.28E-06,8.61E-07,4.07E-06,7.85E-07,8.88E-07,9.06E-07,9.68E-07,1.90E-06,1.79E-06,9.85E-07,9.86E-07,9.58E-07,2.05E-06,3.25E-07,3.17E-07,1.12E-09,4.30E-08,2.50E-07,4.44E-08,3.41E-08,9.51E-09,1.91E-05,9.95E-07,3.73E-06,3.99E-06,1.01E-06,1.69E-05
2.03E-06,1.37E-05,1.10E-09,-4.77E-08,-3.26E-09,-1.52E-08,1.60E-10,0.050003424,3.48E-06,1.03E-06,1.01E-06,4.81E-08,4.39E-06,9.79E-07,9.73E-07,9.79E-07,9.73E-07,9.99E-07,9.48E-07,3.72E-06,1.95E-06,1.90E-06,8.62E-06,4.39E-06,8.54E-07,7.84E-07,8.81E-07,8.86E-07,4.36E-06,8.61E-07,4.05E-06,7.85E-07,8.84E-07,8.98E-07,9.62E-07,1.89E-06,1.78E-06,9.82E-07,9.82E-07,9.55E-07,2.04E-06,3.46E-07,3.38E-07,1.28E-09,4.58E-08,2.67E-07,4.72E-08,3.66E-08,1.02E-08,1.59E-05,9.95E-07,3.72E-06,3.99E-06,1.01E-06,1.37E-05
2.03E-06,1.08E-05,1.04E-09,-4.48E-08,-1.01E-09,-1.18E-08,2.62E-10,0.050004472,3.47E-06,1.03E-06,1.00E-06,5.09E-08,4.36E-06,9.77E-07,9.70E-07,9.77E-07,9.71E-07,9.97E-07,9.51E-07,3.72E-06,1.95E-06,1.89E-06,8.57E-06,4.36E-06,8.53E-07,7.84E-07,8.77E-07,8.82E-07,4.30E-06,8.61E-07,4.03E-06,7.85E-07,8.81E-07,8.90E-07,9.57E-07,1.88E-06,1.77E-06,9.80E-07,9.80E-07,9.53E-07,2.03E-06,3.73E-07,3.65E-07,1.48E-09,4.94E-08,2.88E-07,5.09E-08,3.97E-08,1.11E-08,1.31E-05,9.95E-07,3.72E-06,3.98E-06,1.01E-06,1.08E-05
2.03E-06,8.21E-06,9.77E-10,-3.79E-08,9.57E-11,-1.06E-08,3.94E-10,0.050004649,3.47E-06,1.03E-06,1.00E-06,5.36E-08,4.34E-06,9.75E-07,9.69E-07,9.75E-07,9.69E-07,9.95E-07,9.58E-07,3.71E-06,1.95E-06,1.87E-06,8.53E-06,4.34E-06,8.52E-07,7.84E-07,8.73E-07,8.78E-07,4.21E-06,8.61E-07,4.01E-06,7.85E-07,8.77E-07,8.84E-07,9.53E-07,1.87E-06,1.76E-06,9.78E-07,9.79E-07,9.52E-07,2.03E-06,4.10E-07,4.01E-07,1.75E-09,5.42E-08,3.17E-07,5.60E-08,4.41E-08,1.22E-08,1.05E-05,9.95E-07,3.71E-06,3.97E-06,1.01E-06,8.21E-06
2.04E-06,5.80E-06,9.01E-10,-2.85E-08,6.07E-10,-1.21E-08,4.97E-10,0.050004575,3.47E-06,1.03E-06,1.00E-06,5.62E-08,4.33E-06,9.74E-07,9.68E-07,9.74E-07,9.68E-07,9.94E-07,9.67E-07,3.71E-06,1.94E-06,1.87E-06,8.49E-06,4.33E-06,8.51E-07,7.84E-07,8.70E-07,8.75E-07,4.13E-06,8.61E-07,3.99E-06,7.85E-07,8.74E-07,8.82E-07,9.51E-07,1.87E-06,1.75E-06,9.78E-07,9.78E-07,9.51E-07,2.03E-06,4.66E-07,4.56E-07,2.21E-09,6.14E-08,3.61E-07,6.35E-08,5.06E-08,1.40E-08,8.05E-06,9.95E-07,3.71E-06,3.96E-06,1.02E-06,5.80E-06
2.04E-06,3.71E-06,7.87E-10,-1.84E-08,7.39E-10,-1.61E-08,6.15E-10,0.05000447,3.47E-06,1.03E-06,1.00E-06,5.88E-08,4.33E-06,9.73E-07,9.68E-07,9.74E-07,9.68E-07,9.94E-07,9.77E-07,3.71E-06,1.94E-06,1.86E-06,8.47E-06,4.33E-06,8.49E-07,7.84E-07,8.66E-07,8.71E-07,4.08E-06,8.61E-07,3.98E-06,7.85E-07,8.71E-07,8.82E-07,9.50E-07,1.87E-06,1.75E-06,9.77E-07,9.77E-07,9.50E-07,2.03E-06,5.55E-07,5.44E-07,3.08E-09,7.31E-08,4.32E-07,7.57E-08,6.11E-08,1.69E-08,5.95E-06,9.94E-07,3.71E-06,3.95E-06,1.02E-06,3.71E-06
2.04E-06,2.10E-06,6.06E-10,-9.69E-09,7.00E-10,-2.27E-08,8.54E-10,0.050004374,3.47E-06,1.03E-06,1.00E-06,6.09E-08,4.33E-06,9.73E-07,9.68E-07,9.73E-07,9.68E-07,9.94E-07,9.85E-07,3.71E-06,1.94E-06,1.86E-06,8.45E-06,4.33E-06,8.46E-07,7.84E-07,8.63E-07,8.68E-07,4.03E-06,8.61E-07,3.96E-06,7.85E-07,8.68E-07,8.85E-07,9.50E-07,1.86E-06,1.75E-06,9.77E-07,9.77E-07,9.50E-07,2.03E-06,7.07E-07,6.93E-07,4.98E-09,9.28E-08,5.53E-07,9.62E-08,7.90E-08,2.17E-08,4.34E-06,9.94E-07,3.71E-06,3.95E-06,1.02E-06,2.10E-06
2.05E-06,1.01E-06,3.09E-10,-3.68E-09,6.37E-10,-3.37E-08,1.37E-09,0.050004295,3.48E-06,1.03E-06,1.00E-06,6.26E-08,4.33E-06,9.73E-07,9.68E-07,9.73E-07,9.68E-07,9.94E-07,9.91E-07,3.71E-06,1.94E-06,1.86E-06,8.44E-06,4.33E-06,8.40E-07,7.84E-07,8.58E-07,8.62E-07,3.97E-06,8.62E-07,3.95E-06,7.85E-07,8.62E-07,8.91E-07,9.50E-07,1.86E-06,1.75E-06,9.77E-07,9.77E-07,9.50E-07,2.03E-06,9.86E-07,9.68E-07,1.01E-08,1.29E-07,7.77E-07,1.34E-07,1.12E-07,3.05E-08,3.26E-06,9.94E-07,3.71E-06,3.94E-06,1.02E-06,1.01E-06
2.05E-06,3.52E-07,-2.27E-10,-4.39E-10,6.17E-10,-5.63E-08,2.68E-09,0.050004245,3.48E-06,1.03E-06,1.00E-06,6.37E-08,4.32E-06,9.73E-07,9.68E-07,9.73E-07,9.68E-07,9.94E-07,9.94E-07,3.71E-06,1.94E-06,1.86E-06,8.41E-06,4.32E-06,8.27E-07,7.85E-07,8.47E-07,8.51E-07,3.82E-06,8.62E-07,3.95E-06,7.85E-07,8.50E-07,9.04E-07,9.50E-07,1.86E-06,1.75E-06,9.77E-07,9.77E-07,9.50E-07,2.03E-06,1.57E-06,1.54E-06,2.82E-08,2.06E-07,1.26E-06,2.15E-07,1.83E-07,4.93E-08,2.58E-06,9.94E-07,3.71E-06,3.94E-06,1.03E-06,3.52E-07
2.06E-06,-7.22E-08,-1.37E-09,8.20E-10,6.58E-10,-1.14E-07,6.56E-09,0.050004257,3.49E-06,1.03E-06,1.00E-06,6.47E-08,4.31E-06,9.73E-07,9.68E-07,9.73E-07,9.68E-07,9.94E-07,9.95E-07,3.71E-06,1.94E-06,1.86E-06,8.34E-06,4.31E-06,7.94E-07,7.86E-07,8.19E-07,8.23E-07,3.38E-06,8.64E-07,3.94E-06,7.85E-07,8.18E-07,9.36E-07,9.49E-07,1.86E-06,1.75E-06,9.77E-07,9.77E-07,9.50E-07,2.03E-06,2.93E-06,2.89E-06,1.17E-07,3.93E-07,2.44E-06,4.11E-07,3.63E-07,9.62E-08,2.13E-06,9.94E-07,3.71E-06,3.93E-06,1.03E-06,-7.22E-08
2.07E-06,-4.50E-07,-3.85E-09,1.02E-09,7.45E-10,-2.45E-07,1.43E-08,0.050004405,3.50E-06,1.03E-06,1.00E-06,6.60E-08,4.28E-06,9.73E-07,9.68E-07,9.73E-07,9.68E-07,9.94E-07,9.96E-07,3.71E-06,1.94E-06,1.85E-06,8.14E-06,4.28E-06,7.22E-07,7.88E-07,7.57E-07,7.60E-07,2.45E-06,8.68E-07,3.92E-06,7.85E-07,7.47E-07,1.01E-06,9.48E-07,1.86E-06,1.75E-06,9.77E-07,9.77E-07,9.50E-07,2.03E-06,5.20E-06,5.16E-06,4.34E-07,7.39E-07,4.65E-06,7.74E-07,7.17E-07,1.87E-07,1.67E-06,9.94E-07,3.71E-06,3.92E-06,1.03E-06,-4.50E-07
2.07E-06,-7.66E-07,-7.05E-09,1.81E-09,7.21E-10,-3.97E-07,1.92E-08,0.050004394,3.52E-06,1.03E-06,1.00E-06,6.71E-08,4.25E-06,9.73E-07,9.68E-07,9.73E-07,9.68E-07,9.94E-07,9.96E-07,3.71E-06,1.94E-06,1.85E-06,7.86E-06,4.24E-06,6.45E-07,7.92E-07,6.84E-07,6.86E-07,1.67E-06,8.72E-07,3.91E-06,7.85E-07,6.67E-07,1.09E-06,9.47E-07,1.86E-06,1.76E-06,9.77E-07,9.77E-07,9.50E-07,2.03E-06,6.98E-06,6.95E-06,8.13E-07,1.04E-06,6.57E-06,1.09E-06,1.04E-06,2.70E-07,1.30E-06,9.94E-07,3.71E-06,3.90E-06,1.02E-06,-7.66E-07
2.07E-06,-1.01E-06,-1.05E-08,2.15E-09,5.74E-10,-5.33E-07,1.82E-08,0.050004165,3.53E-06,1.03E-06,1.00E-06,6.80E-08,4.24E-06,9.73E-07,9.68E-07,9.73E-07,9.68E-07,9.94E-07,9.97E-07,3.71E-06,1.94E-06,1.84E-06,7.59E-06,4.24E-06,5.86E-07,7.95E-07,6.20E-07,6.21E-07,1.34E-06,8.75E-07,3.90E-06,7.85E-07,5.99E-07,1.17E-06,9.48E-07,1.86E-06,1.76E-06,9.77E-07,9.77E-07,9.50E-07,2.03E-06,8.05E-06,8.03E-06,1.09E-06,1.22E-06,7.80E-06,1.29E-06,1.26E-06,3.24E-07,1.04E-06,9.94E-07,3.71E-06,3.89E-06,1.02E-06,-1.01E-06
2.08E-06,-1.21E-06,-1.52E-08,1.98E-09,3.64E-10,-6.65E-07,1.30E-08,0.050003865,3.53E-06,1.03E-06,1.00E-06,6.85E-08,4.26E-06,9.73E-07,9.68E-07,9.73E-07,9.67E-07,9.93E-07,9.96E-07,3.71E-06,1.94E-06,1.84E-06,7.30E-06,4.26E-06,5.39E-07,8.00E-07,5.58E-07,5.58E-07,1.39E-06,8.78E-07,3.90E-06,7.85E-07,5.37E-07,1.24E-06,9.50E-07,1.87E-06,1.77E-06,9.77E-07,9.77E-07,9.50E-07,2.03E-06,8.74E-06,8.73E-06,1.28E-06,1.35E-06,8.62E-06,1.42E-06,1.41E-06,3.60E-07,8.68E-07,9.94E-07,3.71E-06,3.89E-06,1.03E-06,-1.21E-06
2.08E-06,-1.29E-06,-2.05E-08,1.49E-09,2.06E-10,-7.58E-07,6.98E-09,0.050003711,3.52E-06,1.03E-06,1.00E-06,6.83E-08,4.29E-06,9.73E-07,9.67E-07,9.73E-07,9.67E-07,9.93E-07,9.96E-07,3.71E-06,1.94E-06,1.85E-06,7.09E-06,4.29E-06,5.11E-07,8.06E-07,5.13E-07,5.12E-07,1.77E-06,8.79E-07,3.90E-06,7.85E-07,4.96E-07,1.28E-06,9.52E-07,1.87E-06,1.77E-06,9.77E-07,9.77E-07,9.50E-07,2.03E-06,9.06E-06,9.06E-06,1.38E-06,1.41E-06,9.01E-06,1.48E-06,1.48E-06,3.78E-07,8.39E-07,9.94E-07,3.71E-06,3.90E-06,1.03E-06,-1.29E-06
2.09E-06,-1.19E-06,-2.81E-08,8.44E-10,2.29E-10,-8.23E-07,1.66E-09,0.050004118,3.49E-06,1.03E-06,1.00E-06,6.71E-08,4.30E-06,9.73E-07,9.67E-07,9.73E-07,9.67E-07,9.93E-07,9.95E-07,3.71E-06,1.94E-06,1.86E-06,6.97E-06,4.30E-06,4.96E-07,8.14E-07,4.78E-07,4.77E-07,2.35E-06,8.81E-07,3.92E-06,7.86E-07,4.69E-07,1.31E-06,9.52E-07,1.87E-06,1.77E-06,9.76E-07,9.76E-07,9.50E-07,2.03E-06,9.22E-06,9.22E-06,1.43E-06,1.44E-06,9.21E-06,1.52E-06,1.51E-06,3.87E-07,1.01E-06,9.94E-07,3.71E-06,3.93E-06,1.03E-06,-1.19E-06
2.09E-06,-9.68E-07,-3.41E-08,5.49E-10,4.11E-10,-8.41E-07,-1.25E-10,0.050004882,3.47E-06,1.03E-06,1.00E-06,6.61E-08,4.30E-06,9.73E-07,9.67E-07,9.73E-07,9.67E-07,9.93E-07,9.95E-07,3.71E-06,1.94E-06,1.86E-06,6.94E-06,4.30E-06,4.93E-07,8.21E-07,4.66E-07,4.65E-07,2.62E-06,8.81E-07,3.93E-06,7.86E-07,4.62E-07,1.31E-06,9.51E-07,1.87E-06,1.77E-06,9.76E-07,9.76E-07,9.50E-07,2.03E-06,9.24E-06,9.24E-06,1.44E-06,1.44E-06,9.24E-06,1.52E-06,1.52E-06,3.88E-07,1.27E-06,9.94E-07,3.71E-06,3.94E-06,1.03E-06,-9.68E-07
2.10E-06,-6.22E-07,-4.17E-08,4.30E-10,5.82E-10,-8.46E-07,-7.02E-10,0.050005701,3.47E-06,1.03E-06,1.00E-06,6.50E-08,4.30E-06,9.73E-07,9.67E-07,9.73E-07,9.67E-07,9.93E-07,9.95E-07,3.71E-06,1.94E-06,1.86E-06,6.94E-06,4.30E-06,4.93E-07,8.29E-07,4.62E-07,4.60E-07,2.73E-06,8.82E-07,3.94E-06,7.87E-07,4.60E-07,1.31E-06,9.50E-07,1.86E-06,1.77E-06,9.76E-07,9.76E-07,9.50E-07,2.03E-06,9.24E-06,9.24E-06,1.44E-06,1.44E-06,9.23E-06,1.52E-06,1.52E-06,3.88E-07,1.64E-06,9.94E-07,3.71E-06,3.95E-06,1.03E-06,-6.22E-07
2.10E-06,-2.82E-07,-5.08E-08,4.09E-10,5.70E-10,-8.43E-07,-5.89E-10,0.050005997,3.47E-06,1.03E-06,1.00E-06,6.43E-08,4.29E-06,9.73E-07,9.67E-07,9.73E-07,9.67E-07,9.93E-07,9.95E-07,3.71E-06,1.94E-06,1.86E-06,6.96E-06,4.29E-06,4.95E-07,8.39E-07,4.62E-07,4.61E-07,2.74E-06,8.83E-07,3.95E-06,7.88E-07,4.62E-07,1.30E-06,9.50E-07,1.86E-06,1.77E-06,9.77E-07,9.77E-07,9.50E-07,2.03E-06,9.23E-06,9.23E-06,1.44E-06,1.44E-06,9.22E-06,1.52E-06,1.52E-06,3.88E-07,1.98E-06,9.94E-07,3.71E-06,3.95E-06,1.03E-06,-2.82E-07
2.11E-06,-6.32E-08,-6.09E-08,3.33E-10,4.52E-10,-8.38E-07,-3.84E-10,0.050005905,3.47E-06,1.03E-06,1.00E-06,6.39E-08,4.29E-06,9.73E-07,9.67E-07,9.73E-07,9.67E-07,9.93E-07,9.95E-07,3.71E-06,1.94E-06,1.86E-06,6.97E-06,4.29E-06,4.97E-07,8.50E-07,4.65E-07,4.63E-07,2.72E-06,8.84E-07,3.95E-06,7.89E-07,4.65E-07,1.30E-06,9.50E-07,1.86E-06,1.77E-06,9.77E-07,9.77E-07,9.50E-07,2.03E-06,9.23E-06,9.23E-06,1.44E-06,1.44E-06,9.22E-06,1.52E-06,1.52E-06,3.87E-07,2.20E-06,9.94E-07,3.71E-06,3.95E-06,1.03E-06,-6.32E-08
2.12E-06,3.92E-08,-7.41E-08,1.80E-10,3.44E-10,-8.32E-07,-3.04E-10,0.050005781,3.47E-06,1.03E-06,1.00E-06,6.37E-08,4.30E-06,9.73E-07,9.67E-07,9.73E-07,9.67E-07,9.93E-07,9.95E-07,3.71E-06,1.94E-06,1.86E-06,6.99E-06,4.30E-06,4.99E-07,8.66E-07,4.68E-07,4.67E-07,2.72E-06,8.86E-07,3.95E-06,7.91E-07,4.68E-07,1.30E-06,9.50E-07,1.86E-06,1.77E-06,9.77E-07,9.77E-07,9.50E-07,2.03E-06,9.23E-06,9.23E-06,1.44E-06,1.44E-06,9.22E-06,1.52E-06,1.52E-06,3.87E-07,2.29E-06,9.94E-07,3.71E-06,3.95E-06,1.03E-06,3.92E-08
2.13E-06,5.72E-08,-8.95E-08,5.56E-11,2.85E-10,-8.25E-07,-3.45E-10,0.050005752,3.47E-06,1.03E-06,1.00E-06,6.37E-08,4.30E-06,9.73E-07,9.68E-07,9.73E-07,9.67E-07,9.93E-07,9.94E-07,3.71E-06,1.94E-06,1.86E-06,7.01E-06,4.30E-06,5.02E-07,8.84E-07,4.72E-07,4.70E-07,2.74E-06,8.89E-07,3.95E-06,7.94E-07,4.71E-07,1.30E-06,9.50E-07,1.86E-06,1.77E-06,9.77E-07,9.77E-07,9.50E-07,2.03E-06,9.23E-06,9.23E-06,1.44E-06,1.44E-06,9.22E-06,1.52E-06,1.52E-06,3.88E-07,2.31E-06,9.93E-07,3.71E-06,3.95E-06,1.03E-06,5.72E-08
2.14E-06,5.06E-08,-1.07E-07,1.55E-11,2.45E-10,-8.16E-07,-4.31E-10,0.050005767,3.47E-06,1.03E-06,1.00E-06,6.37E-08,4.30E-06,9.73E-07,9.67E-07,9.73E-07,9.67E-07,9.93E-07,9.94E-07,3.71E-06,1.94E-06,1.86E-06,7.03E-06,4.30E-06,5.05E-07,9.05E-07,4.76E-07,4.74E-07,2.78E-06,8.94E-07,3.95E-06,7.98E-07,4.75E-07,1.29E-06,9.50E-07,1.86E-06,1.77E-06,9.77E-07,9.77E-07,9.50E-07,2.03E-06,9.24E-06,9.24E-06,1.44E-06,1.44E-06,9.23E-06,1.52E-06,1.52E-06,3.88E-07,2.31E-06,9.93E-07,3.71E-06,3.95E-06,1.03E-06,5.06E-08
2.15E-06,4.86E-08,-1.30E-07,2.32E-11,1.97E-10,-8.01E-07,-5.36E-10,0.050005785,3.47E-06,1.03E-06,1.00E-06,6.37E-08,4.30E-06,9.73E-07,9.67E-07,9.73E-07,9.67E-07,9.93E-07,9.94E-07,3.71E-06,1.94E-06,1.86E-06,7.08E-06,4.30E-06,5.12E-07,9.35E-07,4.84E-07,4.82E-07,2.83E-06,9.01E-07,3.95E-06,8.05E-07,4.83E-07,1.28E-06,9.50E-07,1.86E-06,1.77E-06,9.77E-07,9.77E-07,9.50E-07,2.03E-06,9.26E-06,9.26E-06,1.44E-06,1.45E-06,9.24E-06,1.52E-06,1.52E-06,3.89E-07,2.31E-06,9.93E-07,3.71E-06,3.95E-06,1.03E-06,4.86E-08
2.18E-06,5.94E-08,-1.66E-07,3.13E-11,1.31E-10,-7.67E-07,-6.91E-10,0.050005805,3.47E-06,1.03E-06,1.00E-06,6.37E-08,4.30E-06,9.73E-07,9.67E-07,9.73E-07,9.67E-07,9.93E-07,9.94E-07,3.71E-06,1.94E-06,1.86E-06,7.18E-06,4.30E-06,5.26E-07,9.88E-07,5.01E-07,4.98E-07,2.95E-06,9.17E-07,3.95E-06,8.21E-07,5.00E-07,1.27E-06,9.50E-07,1.86E-06,1.77E-06,9.77E-07,9.77E-07,9.50E-07,2.03E-06,9.29E-06,9.29E-06,1.44E-06,1.45E-06,9.27E-06,1.53E-06,1.53E-06,3.90E-07,2.32E-06,9.93E-07,3.71E-06,3.95E-06,1.03E-06,5.94E-08
2.24E-06,8.48E-08,-2.25E-07,1.57E-11,5.10E-11,-6.74E-07,-9.41E-10,0.050005839,3.47E-06,1.03E-06,1.00E-06,6.37E-08,4.31E-06,9.73E-07,9.67E-07,9.73E-07,9.67E-07,9.93E-07,9.94E-07,3.71E-06,1.94E-06,1.86E-06,7.42E-06,4.31E-06,5.64E-07,1.09E-06,5.46E-07,5.44E-07,3.21E-06,9.59E-07,3.95E-06,8.63E-07,5.45E-07,1.22E-06,9.50E-07,1.86E-06,1.76E-06,9.77E-07,9.77E-07,9.50E-07,2.03E-06,9.37E-06,9.37E-06,1.46E-06,1.46E-06,9.35E-06,1.54E-06,1.54E-06,3.94E-07,2.35E-06,9.93E-07,3.71E-06,3.95E-06,1.03E-06,8.48E-08
2.33E-06,1.08E-07,-2.74E-07,5.35E-13,6.73E-13,-4.74E-07,-1.14E-09,0.05000588,3.47E-06,1.03E-06,1.00E-06,6.37E-08,4.32E-06,9.73E-07,9.67E-07,9.73E-07,9.67E-07,9.93E-07,9.94E-07,3.71E-06,1.94E-06,1.86E-06,7.84E-06,4.32E-06,6.47E-07,1.23E-06,6.44E-07,6.41E-07,3.64E-06,1.05E-06,3.95E-06,9.53E-07,6.43E-07,1.12E-06,9.50E-07,1.86E-06,1.76E-06,9.77E-07,9.77E-07,9.50E-07,2.03E-06,9.54E-06,9.54E-06,1.48E-06,1.49E-06,9.52E-06,1.57E-06,1.57E-06,4.02E-07,2.38E-06,9.93E-07,3.71E-06,3.95E-06,1.03E-06,1.08E-07
2.43E-06,1.07E-07,-2.62E-07,-2.18E-12,-8.92E-12,-2.38E-07,-1.09E-09,0.050005902,3.47E-06,1.03E-06,1.00E-06,6.38E-08,4.33E-06,9.73E-07,9.67E-07,9.73E-07,9.67E-07,9.93E-07,9.94E-07,3.71E-06,1.94E-06,1.86E-06,8.21E-06,4.33E-06,7.48E-07,1.33E-06,7.60E-07,7.57E-07,4.00E-06,1.16E-06,3.95E-06,1.06E-06,7.59E-07,9.97E-07,9.50E-07,1.86E-06,1.76E-06,9.77E-07,9.77E-07,9.50E-07,2.03E-06,9.74E-06,9.74E-06,1.51E-06,1.52E-06,9.72E-06,1.60E-06,1.60E-06,4.12E-07,2.38E-06,9.93E-07,3.71E-06,3.95E-06,1.03E-06,1.07E-07
2.53E-06,8.48E-08,-2.00E-07,-1.48E-12,-5.69E-12,-3.16E-08,-8.38E-10,0.050005902,3.47E-06,1.03E-06,1.00E-06,6.40E-08,4.33E-06,9.73E-07,9.67E-07,9.73E-07,9.67E-07,9.93E-07,9.94E-07,3.71E-06,1.94E-06,1.86E-06,8.44E-06,4.33E-06,8.40E-07,1.36E-06,8.61E-07,8.60E-07,4.19E-06,1.26E-06,3.95E-06,1.16E-06,8.61E-07,8.92E-07,9.50E-07,1.86E-06,1.75E-06,9.77E-07,9.77E-07,9.50E-07,2.03E-06,9.91E-06,9.91E-06,1.54E-06,1.55E-06,9.90E-06,1.63E-06,1.63E-06,4.20E-07,2.36E-06,9.93E-07,3.71E-06,3.95E-06,1.03E-06,8.48E-08
2.63E-06,5.20E-08,-1.18E-07,-6.69E-13,-1.77E-12,1.12E-07,-4.93E-10,0.050005889,3.47E-06,1.03E-06,1.00E-06,6.41E-08,4.33E-06,9.73E-07,9.67E-07,9.73E-07,9.67E-07,9.93E-07,9.94E-07,3.71E-06,1.94E-06,1.86E-06,8.56E-06,4.33E-06,9.07E-07,1.36E-06,9.31E-07,9.31E-07,4.28E-06,1.33E-06,3.95E-06,1.24E-06,9.32E-07,8.18E-07,9.50E-07,1.86E-06,1.75E-06,9.77E-07,9.77E-07,9.50E-07,2.03E-06,1.00E-05,1.00E-05,1.56E-06,1.56E-06,1.00E-05,1.65E-06,1.65E-06,4.26E-07,2.32E-06,9.93E-07,3.71E-06,3.95E-06,1.03E-06,5.20E-08
2.73E-06,2.00E-08,-3.97E-08,-2.10E-13,2.40E-13,1.85E-07,-1.70E-10,0.050005869,3.47E-06,1.03E-06,1.00E-06,6.42E-08,4.33E-06,9.73E-07,9.67E-07,9.73E-07,9.67E-07,9.93E-07,9.94E-07,3.71E-06,1.94E-06,1.86E-06,8.62E-06,4.33E-06,9.42E-07,1.32E-06,9.67E-07,9.67E-07,4.29E-06,1.37E-06,3.95E-06,1.28E-06,9.68E-07,7.81E-07,9.50E-07,1.86E-06,1.75E-06,9.77E-07,9.77E-07,9.50E-07,2.03E-06,1.01E-05,1.01E-05,1.57E-06,1.57E-06,1.01E-05,1.66E-06,1.66E-06,4.29E-07,2.29E-06,9.93E-07,3.71E-06,3.95E-06,1.03E-06,2.00E-08
2.83E-06,-4.65E-09,1.77E-08,-1.46E-14,7.82E-13,1.98E-07,7.24E-11,0.05000585,3.47E-06,1.03E-06,1.00E-06,6.43E-08,4.33E-06,9.73E-07,9.67E-07,9.73E-07,9.67E-07,9.93E-07,9.94E-07,3.71E-06,1.94E-06,1.86E-06,8.63E-06,4.33E-06,9.48E-07,1.27E-06,9.73E-07,9.74E-07,4.28E-06,1.38E-06,3.95E-06,1.28E-06,9.75E-07,7.74E-07,9.50E-07,1.86E-06,1.75E-06,9.77E-07,9.77E-07,9.50E-07,2.03E-06,1.01E-05,1.01E-05,1.57E-06,1.58E-06,1.01E-05,1.66E-06,1.66E-06,4.30E-07,2.26E-06,9.93E-07,3.71E-06,3.95E-06,1.03E-06,-4.65E-09
2.93E-06,-1.94E-08,5.09E-08,3.65E-14,6.26E-13,1.71E-07,2.11E-10,0.050005832,3.47E-06,1.03E-06,1.00E-06,6.43E-08,4.33E-06,9.73E-07,9.67E-07,9.73E-07,9.67E-07,9.93E-07,9.94E-07,3.71E-06,1.94E-06,1.86E-06,8.61E-06,4.33E-06,9.35E-07,1.22E-06,9.60E-07,9.61E-07,4.25E-06,1.36E-06,3.95E-06,1.27E-06,9.61E-07,7.88E-07,9.50E-07,1.86E-06,1.75E-06,9.77E-07,9.77E-07,9.50E-07,2.03E-06,1.01E-05,1.01E-05,1.57E-06,1.57E-06,1.01E-05,1.66E-06,1.66E-06,4.29E-07,2.24E-06,9.93E-07,3.71E-06,3.95E-06,1.03E-06,-1.94E-08
3.03E-06,-2.51E-08,6.27E-08,3.84E-14,3.02E-13,1.23E-07,2.61E-10,0.050005821,3.47E-06,1.03E-06,1.00E-06,6.43E-08,4.33E-06,9.73E-07,9.67E-07,9.73E-07,9.67E-07,9.93E-07,9.94E-07,3.71E-06,1.94E-06,1.86E-06,8.57E-06,4.33E-06,9.12E-07,1.18E-06,9.36E-07,9.37E-07,4.21E-06,1.34E-06,3.95E-06,1.24E-06,9.38E-07,8.13E-07,9.50E-07,1.86E-06,1.75E-06,9.77E-07,9.77E-07,9.50E-07,2.03E-06,1.00E-05,1.00E-05,1.56E-06,1.57E-06,1.00E-05,1.65E-06,1.65E-06,4.27E-07,2.24E-06,9.93E-07,3.71E-06,3.95E-06,1.03E-06,-2.51E-08
3.13E-06,-2.44E-08,5.92E-08,2.58E-14,2.54E-14,6.91E-08,2.47E-10,0.050005816,3.47E-06,1.03E-06,1.00E-06,6.43E-08,4.33E-06,9.73E-07,9.67E-07,9.73E-07,9.67E-07,9.93E-07,9.94E-07,3.71E-06,1.94E-06,1.86E-06,8.53E-06,4.33E-06,8.86E-07,1.16E-06,9.10E-07,9.11E-07,4.17E-06,1.31E-06,3.95E-06,1.21E-06,9.11E-07,8.40E-07,9.50E-07,1.86E-06,1.75E-06,9.77E-07,9.77E-07,9.50E-07,2.03E-06,1.00E-05,1.00E-05,1.55E-06,1.56E-06,9.99E-06,1.64E-06,1.64E-06,4.24E-07,2.24E-06,9.93E-07,3.71E-06,3.95E-06,1.03E-06,-2.44E-08
3.23E-06,-1.96E-08,4.67E-08,1.38E-14,-1.46E-13,2.18E-08,1.95E-10,0.050005817,3.47E-06,1.03E-06,1.00E-06,6.43E-08,4.33E-06,9.73E-07,9.67E-07,9.73E-07,9.67E-07,9.93E-07,9.94E-07,3.71E-06,1.94E-06,1.86E-06,8.49E-06,4.33E-06,8.64E-07,1.14E-06,8.87E-07,8.87E-07,4.13E-06,1.29E-06,3.95E-06,1.19E-06,8.88E-07,8.64E-07,9.50E-07,1.86E-06,1.75E-06,9.77E-07,9.77E-07,9.50E-07,2.03E-06,9.96E-06,9.96E-06,1.55E-06,1.55E-06,9.95E-06,1.63E-06,1.63E-06,4.22E-07,2.24E-06,9.93E-07,3.71E-06,3.95E-06,1.03E-06,-1.96E-08
3.33E-06,-1.31E-08,3.04E-08,5.87E-15,-2.23E-13,-1.32E-08,1.27E-10,0.050005818,3.47E-06,1.03E-06,1.00E-06,6.42E-08,4.33E-06,9.73E-07,9.67E-07,9.73E-07,9.67E-07,9.93E-07,9.94E-07,3.71E-06,1.94E-06,1.86E-06,8.46E-06,4.33E-06,8.48E-07,1.14E-06,8.69E-07,8.70E-07,4.11E-06,1.27E-06,3.95E-06,1.17E-06,8.71E-07,8.82E-07,9.50E-07,1.86E-06,1.75E-06,9.77E-07,9.77E-07,9.50E-07,2.03E-06,9.93E-06,9.93E-06,1.54E-06,1.55E-06,9.92E-06,1.63E-06,1.63E-06,4.21E-07,2.25E-06,9.93E-07,3.71E-06,3.95E-06,1.03E-06,-1.31E-08
3.43E-06,-6.81E-09,1.44E-08,1.29E-15,-2.24E-13,-3.44E-08,6.32E-11,0.050005822,3.47E-06,1.03E-06,1.00E-06,6.42E-08,4.33E-06,9.73E-07,9.67E-07,9.73E-07,9.67E-07,9.93E-07,9.94E-07,3.71E-06,1.94E-06,1.86E-06,8.44E-06,4.33E-06,8.38E-07,1.15E-06,8.59E-07,8.59E-07,4.10E-06,1.26E-06,3.95E-06,1.16E-06,8.60E-07,8.93E-07,9.50E-07,1.86E-06,1.75E-06,9.77E-07,9.77E-07,9.50E-07,2.03E-06,9.92E-06,9.92E-06,1.54E-06,1.55E-06,9.91E-06,1.63E-06,1.63E-06,4.20E-07,2.25E-06,9.93E-07,3.71E-06,3.95E-06,1.03E-06,-6.81E-09
3.53E-06,-9.86E-10,1.24E-09,-2.64E-15,-2.09E-13,-4.20E-08,3.64E-12,0.050005826,3.47E-06,1.03E-06,1.00E-06,6.42E-08,4.33E-06,9.73E-07,9.67E-07,9.73E-07,9.67E-07,9.93E-07,9.94E-07,3.71E-06,1.94E-06,1.86E-06,8.43E-06,4.33E-06,8.35E-07,1.16E-06,8.55E-07,8.56E-07,4.09E-06,1.25E-06,3.95E-06,1.16E-06,8.56E-07,8.97E-07,9.50E-07,1.86E-06,1.75E-06,9.77E-07,9.77E-07,9.50E-07,2.03E-06,9.91E-06,9.91E-06,1.54E-06,1.55E-06,9.90E-06,1.63E-06,1.63E-06,4.20E-07,2.26E-06,9.93E-07,3.71E-06,3.95E-06,1.03E-06,-9.86E-10
3.63E-06,2.77E-09,-7.73E-09,-4.50E-16,-1.35E-13,-3.97E-08,-3.17E-11,0.05000583,3.47E-06,1.03E-06,1.00E-06,6.42E-08,4.33E-06,9.73E-07,9.67E-07,9.73E-07,9.67E-07,9.93E-07,9.94E-07,3.71E-06,1.94E-06,1.86E-06,8.43E-06,4.33E-06,8.36E-07,1.17E-06,8.57E-07,8.57E-07,4.10E-06,1.26E-06,3.95E-06,1.16E-06,8.57E-07,8.96E-07,9.50E-07,1.86E-06,1.75E-06,9.77E-07,9.77E-07,9.50E-07,2.03E-06,9.91E-06,9.91E-06,1.54E-06,1.55E-06,9.90E-06,1.63E-06,1.63E-06,4.20E-07,2.26E-06,9.93E-07,3.71E-06,3.95E-06,1.03E-06,2.77E-09
3.73E-06,4.82E-09,-1.24E-08,-5.68E-15,-7.84E-14,-3.12E-08,-5.13E-11,0.050005832,3.47E-06,1.03E-06,1.00E-06,6.42E-08,4.33E-06,9.73E-07,9.67E-07,9.73E-07,9.67E-07,9.93E-07,9.94E-07,3.71E-06,1.94E-06,1.86E-06,8.44E-06,4.33E-06,8.40E-07,1.18E-06,8.61E-07,8.61E-07,4.11E-06,1.26E-06,3.95E-06,1.16E-06,8.62E-07,8.91E-07,9.50E-07,1.86E-06,1.75E-06,9.77E-07,9.77E-07,9.50E-07,2.03E-06,9.92E-06,9.92E-06,1.54E-06,1.55E-06,9.91E-06,1.63E-06,1.63E-06,4.20E-07,2.27E-06,9.93E-07,3.71E-06,3.95E-06,1.03E-06,4.82E-09
3.83E-06,5.36E-09,-1.33E-08,-3.20E-15,-2.19E-14,-2.00E-08,-5.52E-11,0.050005834,3.47E-06,1.03E-06,1.00E-06,6.42E-08,4.33E-06,9.73E-07,9.67E-07,9.73E-07,9.67E-07,9.93E-07,9.94E-07,3.71E-06,1.94E-06,1.86E-06,8.45E-06,4.33E-06,8.45E-07,1.18E-06,8.66E-07,8.66E-07,4.12E-06,1.27E-06,3.95E-06,1.17E-06,8.67E-07,8.86E-07,9.50E-07,1.86E-06,1.75E-06,9.77E-07,9.77E-07,9.50E-07,2.03E-06,9.93E-06,9.93E-06,1.54E-06,1.55E-06,9.92E-06,1.63E-06,1.63E-06,4.21E-07,2.27E-06,9.93E-07,3.71E-06,3.95E-06,1.03E-06,5.36E-09
3.93E-06,4.78E-09,-1.15E-08,-2.65E-15,1.80E-14,-9.03E-09,-4.81E-11,0.050005835,3.47E-06,1.03E-06,1.00E-06,6.42E-08,4.33E-06,9.73E-07,9.67E-07,9.73E-07,9.67E-07,9.93E-07,9.94E-07,3.71E-06,1.94E-06,1.86E-06,8.46E-06,4.33E-06,8.50E-07,1.19E-06,8.72E-07,8.72E-07,4.13E-06,1.27E-06,3.95E-06,1.17E-06,8.73E-07,8.80E-07,9.50E-07,1.86E-06,1.75E-06,9.77E-07,9.77E-07,9.50E-07,2.03E-06,9.94E-06,9.94E-06,1.54E-06,1.55E-06,9.93E-06,1.63E-06,1.63E-06,4.21E-07,2.27E-06,9.93E-07,3.71E-06,3.95E-06,1.03E-06,4.78E-09
4.03E-06,3.52E-09,-8.29E-09,-1.80E-15,4.27E-14,-7.98E-11,-3.46E-11,0.050005835,3.47E-06,1.03E-06,1.00E-06,6.42E-08,4.33E-06,9.73E-07,9.67E-07,9.73E-07,9.67E-07,9.93E-07,9.94E-07,3.71E-06,1.94E-06,1.86E-06,8.47E-06,4.33E-06,8.54E-07,1.19E-06,8.76E-07,8.76E-07,4.14E-06,1.28E-06,3.95E-06,1.18E-06,8.77E-07,8.75E-07,9.50E-07,1.86E-06,1.75E-06,9.77E-07,9.77E-07,9.50E-07,2.03E-06,9.95E-06,9.95E-06,1.54E-06,1.55E-06,9.93E-06,1.63E-06,1.63E-06,4.22E-07,2.27E-06,9.93E-07,3.71E-06,3.95E-06,1.03E-06,3.52E-09
4.13E-06,2.05E-09,-4.61E-09,-9.98E-16,5.11E-14,5.80E-09,-1.94E-11,0.050005834,3.47E-06,1.03E-06,1.00E-06,6.42E-08,4.33E-06,9.73E-07,9.67E-07,9.73E-07,9.67E-07,9.93E-07,9.94E-07,3.71E-06,1.94E-06,1.86E-06,8.47E-06,4.33E-06,8.57E-07,1.19E-06,8.79E-07,8.79E-07,4.14E-06,1.28E-06,3.95E-06,1.18E-06,8.80E-07,8.72E-07,9.50E-07,1.86E-06,1.75E-06,9.77E-07,9.77E-07,9.50E-07,2.03E-06,9.95E-06,9.95E-06,1.55E-06,1.55E-06,9.94E-06,1.63E-06,1.63E-06,4.22E-07,2.26E-06,9.93E-07,3.71E-06,3.95E-06,1.03E-06,2.05E-09
4.23E-06,7.24E-10,-1.42E-09,-1.07E-16,4.70E-14,8.44E-09,-6.03E-12,0.050005833,3.47E-06,1.03E-06,1.00E-06,6.42E-08,4.33E-06,9.73E-07,9.67E-07,9.73E-07,9.67E-07,9.93E-07,9.94E-07,3.71E-06,1.94E-06,1.86E-06,8.48E-06,4.33E-06,8.58E-07,1.19E-06,8.80E-07,8.80E-07,4.14E-06,1.28E-06,3.95E-06,1.18E-06,8.81E-07,8.71E-07,9.50E-07,1.86E-06,1.75E-06,9.77E-07,9.77E-07,9.50E-07,2.03E-06,9.95E-06,9.95E-06,1.55E-06,1.55E-06,9.94E-06,1.63E-06,1.63E-06,4.22E-07,2.26E-06,9.93E-07,3.71E-06,3.95E-06,1.03E-06,7.24E-10
4.33E-06,-2.73E-10,9.27E-10,5.78E-16,3.60E-14,8.81E-09,3.78E-12,0.050005832,3.47E-06,1.03E-06,1.00E-06,6.42E-08,4.33E-06,9.73E-07,9.67E-07,9.73E-07,9.67E-07,9.93E-07,9.94E-07,3.71E-06,1.94E-06,1.86E-06,8.48E-06,4.33E-06,8.58E-07,1.18E-06,8.80E-07,8.81E-07,4.14E-06,1.28E-06,3.95E-06,1.18E-06,8.81E-07,8.71E-07,9.50E-07,1.86E-06,1.75E-06,9.77E-07,9.77E-07,9.50E-07,2.03E-06,9.95E-06,9.95E-06,1.55E-06,1.55E-06,9.94E-06,1.63E-06,1.63E-06,4.22E-07,2.26E-06,9.93E-07,3.71E-06,3.95E-06,1.03E-06,-2.73E-10
4.43E-06,-8.90E-10,2.34E-09,8.35E-16,2.27E-14,7.71E-09,9.70E-12,0.050005832,3.47E-06,1.03E-06,1.00E-06,6.42E-08,4.33E-06,9.73E-07,9.67E-07,9.73E-07,9.67E-07,9.93E-07,9.94E-07,3.71E-06,1.94E-06,1.86E-06,8.48E-06,4.33E-06,8.58E-07,1.18E-06,8.80E-07,8.80E-07,4.14E-06,1.28E-06,3.95E-06,1.18E-06,8.81E-07,8.71E-07,9.50E-07,1.86E-06,1.75E-06,9.77E-07,9.77E-07,9.50E-07,2.03E-06,9.95E-06,9.95E-06,1.55E-06,1.55E-06,9.94E-06,1.63E-06,1.63E-06,4.22E-07,2.26E-06,9.93E-07,3.71E-06,3.95E-06,1.03E-06,-8.90E-10
4.53E-06,-1.15E-09,2.87E-09,7.79E-16,9.83E-15,5.51E-09,1.19E-11,0.050005831,3.47E-06,1.03E-06,1.00E-06,6.42E-08,4.33E-06,9.73E-07,9.67E-07,9.73E-07,9.67E-07,9.93E-07,9.94E-07,3.71E-06,1.94E-06,1.86E-06,8.47E-06,4.33E-06,8.57E-07,1.18E-06,8.79E-07,8.79E-07,4.14E-06,1.28E-06,3.95E-06,1.18E-06,8.80E-07,8.73E-07,9.50E-07,1.86E-06,1.75E-06,9.77E-07,9.77E-07,9.50E-07,2.03E-06,9.95E-06,9.95E-06,1.55E-06,1.55E-06,9.94E-06,1.63E-06,1.63E-06,4.22E-07,2.26E-06,9.93E-07,3.71E-06,3.95E-06,1.03E-06,-1.15E-09
4.63E-06,-1.12E-09,2.72E-09,6.77E-16,-4.07E-16,3.09E-09,1.13E-11,0.050005831,3.47E-06,1.03E-06,1.00E-06,6.42E-08,4.33E-06,9.73E-07,9.67E-07,9.73E-07,9.67E-07,9.93E-07,9.94E-07,3.71E-06,1.94E-06,1.86E-06,8.47E-06,4.33E-06,8.55E-07,1.18E-06,8.78E-07,8.78E-07,4.14E-06,1.28E-06,3.95E-06,1.18E-06,8.79E-07,8.74E-07,9.50E-07,1.86E-06,1.75E-06,9.77E-07,9.77E-07,9.50E-07,2.03E-06,9.95E-06,9.95E-06,1.55E-06,1.55E-06,9.94E-06,1.63E-06,1.63E-06,4.22E-07,2.26E-06,9.93E-07,3.71E-06,3.95E-06,1.03E-06,-1.12E-09
4.73E-06,-9.02E-10,2.15E-09,4.97E-16,-7.13E-15,9.56E-10,8.96E-12,0.050005831,3.47E-06,1.03E-06,1.00E-06,6.42E-08,4.33E-06,9.73E-07,9.67E-07,9.73E-07,9.67E-07,9.93E-07,9.94E-07,3.71E-06,1.94E-06,1.86E-06,8.47E-06,4.33E-06,8.54E-07,1.18E-06,8.76E-07,8.77E-07,4.13E-06,1.28E-06,3.95E-06,1.18E-06,8.78E-07,8.75E-07,9.50E-07,1.86E-06,1.75E-06,9.77E-07,9.77E-07,9.50E-07,2.03E-06,9.95E-06,9.95E-06,1.54E-06,1.55E-06,9.94E-06,1.63E-06,1.63E-06,4.22E-07,2.26E-06,9.93E-07,3.71E-06,3.95E-06,1.03E-06,-9.02E-10
4.83E-06,-6.02E-10,1.39E-09,2.79E-16,-1.03E-14,-6.17E-10,5.83E-12,0.050005831,3.47E-06,1.03E-06,1.00E-06,6.42E-08,4.33E-06,9.73E-07,9.67E-07,9.73E-07,9.67E-07,9.93E-07,9.94E-07,3.71E-06,1.94E-06,1.86E-06,8.47E-06,4.33E-06,8.54E-07,1.18E-06,8.76E-07,8.76E-07,4.13E-06,1.28E-06,3.95E-06,1.18E-06,8.77E-07,8.76E-07,9.50E-07,1.86E-06,1.75E-06,9.77E-07,9.77E-07,9.50E-07,2.03E-06,9.95E-06,9.95E-06,1.54E-06,1.55E-06,9.93E-06,1.63E-06,1.63E-06,4.22E-07,2.26E-06,9.93E-07,3.71E-06,3.95E-06,1.03E-06,-6.02E-10
4.93E-06,-2.99E-10,6.51E-10,8.43E-17,-1.06E-14,-1.55E-09,2.74E-12,0.050005831,3.47E-06,1.03E-06,1.00E-06,6.42E-08,4.33E-06,9.73E-07,9.67E-07,9.73E-07,9.67E-07,9.93E-07,9.94E-07,3.71E-06,1.94E-06,1.86E-06,8.47E-06,4.33E-06,8.53E-07,1.18E-06,8.75E-07,8.76E-07,4.13E-06,1.27E-06,3.95E-06,1.18E-06,8.76E-07,8.76E-07,9.50E-07,1.86E-06,1.75E-06,9.77E-07,9.77E-07,9.50E-07,2.03E-06,9.94E-06,9.94E-06,1.54E-06,1.55E-06,9.93E-06,1.63E-06,1.63E-06,4.22E-07,2.26E-06,9.93E-07,3.71E-06,3.95E-06,1.03E-06,-2.99E-10
5.03E-06,-4.73E-11,4.89E-11,-5.90E-17,-8.99E-15,-1.89E-09,2.25E-13,0.050005831,3.47E-06,1.03E-06,1.00E-06,6.42E-08,4.33E-06,9.73E-07,9.67E-07,9.73E-07,9.67E-07,9.93E-07,9.94E-07,3.71E-06,1.94E-06,1.86E-06,8.47E-06,4.33E-06,8.53E-07,1.18E-06,8.75E-07,8.75E-07,4.13E-06,1.27E-06,3.95E-06,1.18E-06,8.76E-07,8.76E-07,9.50E-07,1.86E-06,1.75E-06,9.77E-07,9.77E-07,9.50E-07,2.03E-06,9.94E-06,9.94E-06,1.54E-06,1.55E-06,9.93E-06,1.63E-06,1.63E-06,4.22E-07,2.26E-06,9.93E-07,3.71E-06,3.95E-06,1.03E-06,-4.73E-11
5.13E-06,1.27E-10,-3.57E-10,-1.43E-16,-6.32E-15,-1.78E-09,-1.47E-12,0.050005832,3.47E-06,1.03E-06,1.00E-06,6.42E-08,4.33E-06,9.73E-07,9.67E-07,9.73E-07,9.67E-07,9.93E-07,9.94E-07,3.71E-06,1.94E-06,1.86E-06,8.47E-06,4.33E-06,8.53E-07,1.18E-06,8.75E-07,8.75E-07,4.13E-06,1.27E-06,3.95E-06,1.18E-06,8.76E-07,8.76E-07,9.50E-07,1.86E-06,1.75E-06,9.77E-07,9.77E-07,9.50E-07,2.03E-06,9.94E-06,9.94E-06,1.54E-06,1.55E-06,9.93E-06,1.63E-06,1.63E-06,4.22E-07,2.26E-06,9.93E-07,3.71E-06,3.95E-06,1.03E-06,1.27E-10
5.23E-06,2.20E-10,-5.62E-10,-1.73E-16,-3.45E-15,-1.40E-09,-2.34E-12,0.050005832,3.47E-06,1.03E-06,1.00E-06,6.42E-08,4.33E-06,9.73E-07,9.67E-07,9.73E-07,9.67E-07,9.93E-07,9.94E-07,3.71E-06,1.94E-06,1.86E-06,8.47E-06,4.33E-06,8.53E-07,1.18E-06,8.75E-07,8.76E-07,4.13E-06,1.27E-06,3.95E-06,1.18E-06,8.76E-07,8.76E-07,9.50E-07,1.86E-06,1.75E-06,9.77E-07,9.77E-07,9.50E-07,2.03E-06,9.94E-06,9.94E-06,1.54E-06,1.55E-06,9.93E-06,1.63E-06,1.63E-06,4.22E-07,2.26E-06,9.93E-07,3.71E-06,3.95E-06,1.03E-06,2.20E-10
5.33E-06,2.43E-10,-5.99E-10,-1.63E-16,-9.58E-16,-9.05E-10,-2.50E-12,0.050005832,3.47E-06,1.03E-06,1.00E-06,6.42E-08,4.33E-06,9.73E-07,9.67E-07,9.73E-07,9.67E-07,9.93E-07,9.94E-07,3.71E-06,1.94E-06,1.86E-06,8.47E-06,4.33E-06,8.54E-07,1.18E-06,8.76E-07,8.76E-07,4.13E-06,1.27E-06,3.95E-06,1.18E-06,8.77E-07,8.76E-07,9.50E-07,1.86E-06,1.75E-06,9.77E-07,9.77E-07,9.50E-07,2.03E-06,9.95E-06,9.95E-06,1.54E-06,1.55E-06,9.93E-06,1.63E-06,1.63E-06,4.22E-07,2.26E-06,9.93E-07,3.71E-06,3.95E-06,1.03E-06,2.43E-10
5.43E-06,2.15E-10,-5.19E-10,-1.27E-16,8.56E-16,-4.19E-10,-2.16E-12,0.050005832,3.47E-06,1.03E-06,1.00E-06,6.42E-08,4.33E-06,9.73E-07,9.67E-07,9.73E-07,9.67E-07,9.93E-07,9.94E-07,3.71E-06,1.94E-06,1.86E-06,8.47E-06,4.33E-06,8.54E-07,1.18E-06,8.76E-07,8.76E-07,4.13E-06,1.28E-06,3.95E-06,1.18E-06,8.77E-07,8.76E-07,9.50E-07,1.86E-06,1.75E-06,9.77E-07,9.77E-07,9.50E-07,2.03E-06,9.95E-06,9.95E-06,1.54E-06,1.55E-06,9.93E-06,1.63E-06,1.63E-06,4.22E-07,2.26E-06,9.93E-07,3.71E-06,3.95E-06,1.03E-06,2.15E-10
5.53E-06,1.59E-10,-3.75E-10,-8.17E-17,1.90E-15,-2.47E-11,-1.57E-12,0.050005832,3.47E-06,1.03E-06,1.00E-06,6.42E-08,4.33E-06,9.73E-07,9.67E-07,9.73E-07,9.67E-07,9.93E-07,9.94E-07,3.71E-06,1.94E-06,1.86E-06,8.47E-06,4.33E-06,8.54E-07,1.18E-06,8.76E-07,8.76E-07,4.13E-06,1.28E-06,3.95E-06,1.18E-06,8.77E-07,8.75E-07,9.50E-07,1.86E-06,1.75E-06,9.77E-07,9.77E-07,9.50E-07,2.03E-06,9.95E-06,9.95E-06,1.54E-06,1.55E-06,9.93E-06,1.63E-06,1.63E-06,4.22E-07,2.26E-06,9.93E-07,3.71E-06,3.95E-06,1.03E-06,1.59E-10
5.63E-06,9.47E-11,-2.14E-10,-3.73E-17,2.26E-15,2.39E-10,-8.98E-13,0.050005832,3.47E-06,1.03E-06,1.00E-06,6.42E-08,4.33E-06,9.73E-07,9.67E-07,9.73E-07,9.67E-07,9.93E-07,9.94E-07,3.71E-06,1.94E-06,1.86E-06,8.47E-06,4.33E-06,8.54E-07,1.18E-06,8.76E-07,8.76E-07,4.13E-06,1.28E-06,3.95E-06,1.18E-06,8.77E-07,8.75E-07,9.50E-07,1.86E-06,1.75E-06,9.77E-07,9.77E-07,9.50E-07,2.03E-06,9.95E-06,9.95E-06,1.54E-06,1.55E-06,9.93E-06,1.63E-06,1.63E-06,4.22E-07,2.26E-06,9.93E-07,3.71E-06,3.95E-06,1.03E-06,9.47E-11
5.73E-06,3.54E-11,-7.08E-11,-1.48E-18,2.10E-15,3.72E-10,-3.00E-13,0.050005832,3.47E-06,1.03E-06,1.00E-06,6.42E-08,4.33E-06,9.73E-07,9.67E-07,9.73E-07,9.67E-07,9.93E-07,9.94E-07,3.71E-06,1.94E-06,1.86E-06,8.47E-06,4.33E-06,8.54E-07,1.18E-06,8.76E-07,8.76E-07,4.13E-06,1.28E-06,3.95E-06,1.18E-06,8.77E-07,8.75E-07,9.50E-07,1.86E-06,1.75E-06,9.77E-07,9.77E-07,9.50E-07,2.03E-06,9.95E-06,9.95E-06,1.54E-06,1.55E-06,9.93E-06,1.63E-06,1.63E-06,4.22E-07,2.26E-06,9.93E-07,3.71E-06,3.95E-06,1.03E-06,3.54E-11
5.83E-06,-9.89E-12,3.61E-11,2.24E-17,1.63E-15,3.94E-10,1.47E-13,0.050005832,3.47E-06,1.03E-06,1.00E-06,6.42E-08,4.33E-06,9.73E-07,9.67E-07,9.73E-07,9.67E-07,9.93E-07,9.94E-07,3.71E-06,1.94E-06,1.86E-06,8.47E-06,4.33E-06,8.54E-07,1.18E-06,8.76E-07,8.76E-07,4.13E-06,1.28E-06,3.95E-06,1.18E-06,8.77E-07,8.75E-07,9.50E-07,1.86E-06,1.75E-06,9.77E-07,9.77E-07,9.50E-07,2.03E-06,9.95E-06,9.95E-06,1.54E-06,1.55E-06,9.93E-06,1.63E-06,1.63E-06,4.22E-07,2.26E-06,9.93E-07,3.71E-06,3.95E-06,1.03E-06,-9.89E-12
5.93E-06,-3.80E-11,1.00E-10,3.42E-17,1.03E-15,3.40E-10,4.16E-13,0.050005832,3.47E-06,1.03E-06,1.00E-06,6.42E-08,4.33E-06,9.73E-07,9.67E-07,9.73E-07,9.67E-07,9.93E-07,9.94E-07,3.71E-06,1.94E-06,1.86E-06,8.47E-06,4.33E-06,8.54E-07,1.18E-06,8.76E-07,8.76E-07,4.13E-06,1.28E-06,3.95E-06,1.18E-06,8.77E-07,8.75E-07,9.50E-07,1.86E-06,1.75E-06,9.77E-07,9.77E-07,9.50E-07,2.03E-06,9.95E-06,9.95E-06,1.54E-06,1.55E-06,9.93E-06,1.63E-06,1.63E-06,4.22E-07,2.26E-06,9.93E-07,3.71E-06,3.95E-06,1.03E-06,-3.80E-11
6.03E-06,-4.99E-11,1.25E-10,3.60E-17,4.56E-16,2.44E-10,5.20E-13,0.050005832,3.47E-06,1.03E-06,1.00E-06,6.42E-08,4.33E-06,9.73E-07,9.67E-07,9.73E-07,9.67E-07,9.93E-07,9.94E-07,3.71E-06,1.94E-06,1.86E-06,8.47E-06,4.33E-06,8.54E-07,1.18E-06,8.76E-07,8.76E-07,4.13E-06,1.28E-06,3.95E-06,1.18E-06,8.77E-07,8.75E-07,9.50E-07,1.86E-06,1.75E-06,9.77E-07,9.77E-07,9.50E-07,2.03E-06,9.95E-06,9.95E-06,1.54E-06,1.55E-06,9.93E-06,1.63E-06,1.63E-06,4.22E-07,2.26E-06,9.93E-07,3.71E-06,3.95E-06,1.03E-06,-4.99E-11
6.13E-06,-4.90E-11,1.20E-10,3.09E-17,-2.34E-18,1.39E-10,4.98E-13,0.050005832,3.47E-06,1.03E-06,1.00E-06,6.42E-08,4.33E-06,9.73E-07,9.67E-07,9.73E-07,9.67E-07,9.93E-07,9.94E-07,3.71E-06,1.94E-06,1.86E-06,8.47E-06,4.33E-06,8.54E-07,1.18E-06,8.76E-07,8.76E-07,4.13E-06,1.28E-06,3.95E-06,1.18E-06,8.77E-07,8.75E-07,9.50E-07,1.86E-06,1.75E-06,9.77E-07,9.77E-07,9.50E-07,2.03E-06,9.95E-06,9.95E-06,1.54E-06,1.55E-06,9.93E-06,1.63E-06,1.63E-06,4.22E-07,2.26E-06,9.93E-07,3.71E-06,3.95E-06,1.03E-06,-4.90E-11
6.23E-06,-3.99E-11,9.49E-11,2.21E-17,-3.04E-16,4.48E-11,3.96E-13,0.050005832,3.47E-06,1.03E-06,1.00E-06,6.42E-08,4.33E-06,9.73E-07,9.67E-07,9.73E-07,9.67E-07,9.93E-07,9.94E-07,3.71E-06,1.94E-06,1.86E-06,8.47E-06,4.33E-06,8.54E-07,1.18E-06,8.76E-07,8.76E-07,4.13E-06,1.28E-06,3.95E-06,1.18E-06,8.77E-07,8.75E-07,9.50E-07,1.86E-06,1.75E-06,9.77E-07,9.77E-07,9.50E-07,2.03E-06,9.95E-06,9.95E-06,1.54E-06,1.55E-06,9.93E-06,1.63E-06,1.63E-06,4.22E-07,2.26E-06,9.93E-07,3.71E-06,3.95E-06,1.03E-06,-3.99E-11
6.33E-06,-2.68E-11,6.21E-11,1.24E-17,-4.50E-16,-2.50E-11,2.60E-13,0.050005832,3.47E-06,1.03E-06,1.00E-06,6.42E-08,4.33E-06,9.73E-07,9.67E-07,9.73E-07,9.67E-07,9.93E-07,9.94E-07,3.71E-06,1.94E-06,1.86E-06,8.47E-06,4.33E-06,8.54E-07,1.18E-06,8.76E-07,8.76E-07,4.13E-06,1.28E-06,3.95E-06,1.18E-06,8.77E-07,8.75E-07,9.50E-07,1.86E-06,1.75E-06,9.77E-07,9.77E-07,9.50E-07,2.03E-06,9.95E-06,9.95E-06,1.54E-06,1.55E-06,9.93E-06,1.63E-06,1.63E-06,4.22E-07,2.26E-06,9.93E-07,3.71E-06,3.95E-06,1.03E-06,-2.68E-11
6.43E-06,-1.35E-11,2.96E-11,3.91E-18,-4.67E-16,-6.67E-11,1.24E-13,0.050005832,3.47E-06,1.03E-06,1.00E-06,6.42E-08,4.33E-06,9.73E-07,9.67E-07,9.73E-07,9.67E-07,9.93E-07,9.94E-07,3.71E-06,1.94E-06,1.86E-06,8.47E-06,4.33E-06,8.54E-07,1.18E-06,8.76E-07,8.76E-07,4.13E-06,1.28E-06,3.95E-06,1.18E-06,8.77E-07,8.75E-07,9.50E-07,1.86E-06,1.75E-06,9.77E-07,9.77E-07,9.50E-07,2.03E-06,9.95E-06,9.95E-06,1.54E-06,1.55E-06,9.93E-06,1.63E-06,1.63E-06,4.22E-07,2.26E-06,9.93E-07,3.71E-06,3.95E-06,1.03E-06,-1.35E-11
6.53E-06,-2.41E-12,2.94E-12,-2.43E-18,-3.97E-16,-8.24E-11,1.32E-14,0.050005832,3.47E-06,1.03E-06,1.00E-06,6.42E-08,4.33E-06,9.73E-07,9.67E-07,9.73E-07,9.67E-07,9.93E-07,9.94E-07,3.71E-06,1.94E-06,1.86E-06,8.47E-06,4.33E-06,8.54E-07,1.18E-06,8.76E-07,8.76E-07,4.13E-06,1.28E-06,3.95E-06,1.18E-06,8.77E-07,8.75E-07,9.50E-07,1.86E-06,1.75E-06,9.77E-07,9.77E-07,9.50E-07,2.03E-06,9.95E-06,9.95E-06,1.54E-06,1.55E-06,9.93E-06,1.63E-06,1.63E-06,4.22E-07,2.26E-06,9.93E-07,3.71E-06,3.95E-06,1.03E-06,-2.41E-12
6.63E-06,5.36E-12,-1.51E-11,-6.17E-18,-2.81E-16,-7.84E-11,-6.24E-14,0.050005832,3.47E-06,1.03E-06,1.00E-06,6.42E-08,4.33E-06,9.73E-07,9.67E-07,9.73E-07,9.67E-07,9.93E-07,9.94E-07,3.71E-06,1.94E-06,1.86E-06,8.47E-06,4.33E-06,8.54E-07,1.18E-06,8.76E-07,8.76E-07,4.13E-06,1.28E-06,3.95E-06,1.18E-06,8.77E-07,8.75E-07,9.50E-07,1.86E-06,1.75E-06,9.77E-07,9.77E-07,9.50E-07,2.03E-06,9.95E-06,9.95E-06,1.54E-06,1.55E-06,9.93E-06,1.63E-06,1.63E-06,4.22E-07,2.26E-06,9.93E-07,3.71E-06,3.95E-06,1.03E-06,5.36E-12
6.73E-06,9.54E-12,-2.44E-11,-7.57E-18,-1.55E-16,-6.20E-11,-1.01E-13,0.050005832,3.47E-06,1.03E-06,1.00E-06,6.42E-08,4.33E-06,9.73E-07,9.67E-07,9.73E-07,9.67E-07,9.93E-07,9.94E-07,3.71E-06,1.94E-06,1.86E-06,8.47E-06,4.33E-06,8.54E-07,1.18E-06,8.76E-07,8.76E-07,4.13E-06,1.28E-06,3.95E-06,1.18E-06,8.77E-07,8.75E-07,9.50E-07,1.86E-06,1.75E-06,9.77E-07,9.77E-07,9.50E-07,2.03E-06,9.95E-06,9.95E-06,1.54E-06,1.55E-06,9.93E-06,1.63E-06,1.63E-06,4.22E-07,2.26E-06,9.93E-07,3.71E-06,3.95E-06,1.03E-06,9.54E-12
6.83E-06,1.06E-11,-2.62E-11,-7.16E-18,-4.54E-17,-4.04E-11,-1.09E-13,0.050005832,3.47E-06,1.03E-06,1.00E-06,6.42E-08,4.33E-06,9.73E-07,9.67E-07,9.73E-07,9.67E-07,9.93E-07,9.94E-07,3.71E-06,1.94E-06,1.86E-06,8.47E-06,4.33E-06,8.54E-07,1.18E-06,8.76E-07,8.76E-07,4.13E-06,1.28E-06,3.95E-06,1.18E-06,8.77E-07,8.75E-07,9.50E-07,1.86E-06,1.75E-06,9.77E-07,9.77E-07,9.50E-07,2.03E-06,9.95E-06,9.95E-06,1.54E-06,1.55E-06,9.93E-06,1.63E-06,1.63E-06,4.22E-07,2.26E-06,9.93E-07,3.71E-06,3.95E-06,1.03E-06,1.06E-11
6.93E-06,9.49E-12,-2.29E-11,-5.64E-18,3.52E-17,-1.90E-11,-9.54E-14,0.050005832,3.47E-06,1.03E-06,1.00E-06,6.42E-08,4.33E-06,9.73E-07,9.67E-07,9.73E-07,9.67E-07,9.93E-07,9.94E-07,3.71E-06,1.94E-06,1.86E-06,8.47E-06,4.33E-06,8.54E-07,1.18E-06,8.76E-07,8.76E-07,4.13E-06,1.28E-06,3.95E-06,1.18E-06,8.77E-07,8.75E-07,9.50E-07,1.86E-06,1.75E-06,9.77E-07,9.77E-07,9.50E-07,2.03E-06,9.95E-06,9.95E-06,1.54E-06,1.55E-06,9.93E-06,1.63E-06,1.63E-06,4.22E-07,2.26E-06,9.93E-07,3.71E-06,3.95E-06,1.03E-06,9.49E-12
7.00E-06,7.88E-12,-1.87E-11,-4.26E-18,7.04E-17,-6.54E-12,-7.81E-14,0.050005832,3.47E-06,1.03E-06,1.00E-06,6.42E-08,4.33E-06,9.73E-07,9.67E-07,9.73E-07,9.67E-07,9.93E-07,9.94E-07,3.71E-06,1.94E-06,1.86E-06,8.47E-06,4.33E-06,8.54E-07,1.18E-06,8.76E-07,8.76E-07,4.13E-06,1.28E-06,3.95E-06,1.18E-06,8.77E-07,8.75E-07,9.50E-07,1.86E-06,1.75E-06,9.77E-07,9.77E-07,9.50E-07,2.03E-06,9.95E-06,9.95E-06,1.54E-06,1.55E-06,9.93E-06,1.63E-06,1.63E-06,4.22E-07,2.26E-06,9.93E-07,3.71E-06,3.95E-06,1.03E-06,7.88E-12
7.00E-06,4.88E-07,-6.58E-11,-1.18E-13,5.93E-08,6.08E-10,3.69E-09,0.049687939,3.59E-06,1.03E-06,1.00E-06,6.98E-08,4.36E-06,9.73E-07,9.68E-07,9.73E-07,9.67E-07,9.94E-07,9.94E-07,3.72E-06,1.94E-06,1.86E-06,8.44E-06,4.37E-06,8.52E-07,1.18E-06,8.75E-07,8.75E-07,4.25E-06,1.28E-06,3.94E-06,1.18E-06,8.74E-07,8.75E-07,9.51E-07,1.87E-06,1.76E-06,9.77E-07,9.77E-07,9.50E-07,2.03E-06,9.93E-06,9.93E-06,1.57E-06,1.56E-06,9.94E-06,1.63E-06,1.63E-06,4.22E-07,2.22E-06,9.93E-07,3.72E-06,3.92E-06,1.03E-06,4.88E-07
7.00E-06,1.12E-06,-7.49E-11,-7.74E-11,6.06E-08,-6.51E-09,4.31E-09,0.049214408,3.69E-06,1.03E-06,1.00E-06,7.05E-08,4.40E-06,9.73E-07,9.68E-07,9.73E-07,9.68E-07,9.94E-07,9.94E-07,3.73E-06,1.94E-06,1.86E-06,8.43E-06,4.42E-06,8.51E-07,1.18E-06,8.73E-07,8.73E-07,4.51E-06,1.28E-06,3.91E-06,1.18E-06,8.69E-07,8.81E-07,9.52E-07,1.87E-06,1.76E-06,9.77E-07,9.77E-07,9.50E-07,2.03E-06,9.91E-06,9.91E-06,1.58E-06,1.56E-06,9.94E-06,1.63E-06,1.63E-06,4.22E-07,2.13E-06,9.93E-07,3.73E-06,3.86E-06,1.02E-06,1.12E-06
7.00E-06,2.07E-06,-7.56E-11,4.15E-10,5.45E-08,-1.87E-08,3.75E-09,0.048108044,3.88E-06,1.03E-06,1.00E-06,7.39E-08,4.45E-06,9.74E-07,9.68E-07,9.74E-07,9.68E-07,9.96E-07,9.95E-07,3.74E-06,1.95E-06,1.86E-06,8.43E-06,4.48E-06,8.51E-07,1.18E-06,8.69E-07,8.69E-07,5.34E-06,1.28E-06,3.84E-06,1.18E-06,8.63E-07,8.92E-07,9.55E-07,1.87E-06,1.76E-06,9.79E-07,9.78E-07,9.51E-07,2.04E-06,9.87E-06,9.87E-06,1.60E-06,1.56E-06,9.93E-06,1.63E-06,1.63E-06,4.22E-07,1.77E-06,9.93E-07,3.74E-06,3.71E-06,1.00E-06,2.07E-06
7.00E-06,2.62E-06,-6.80E-11,1.89E-09,4.88E-08,-2.78E-08,2.04E-09,0.04684113,4.07E-06,1.03E-06,1.00E-06,7.90E-08,4.47E-06,9.74E-07,9.69E-07,9.75E-07,9.69E-07,9.97E-07,9.97E-07,3.75E-06,1.95E-06,1.86E-06,8.43E-06,4.49E-06,8.51E-07,1.18E-06,8.67E-07,8.67E-07,6.33E-06,1.28E-06,3.76E-06,1.18E-06,8.60E-07,9.00E-07,9.58E-07,1.88E-06,1.77E-06,9.80E-07,9.79E-07,9.52E-07,2.04E-06,9.82E-06,9.82E-06,1.62E-06,1.55E-06,9.92E-06,1.63E-06,1.63E-06,4.21E-07,1.27E-06,9.93E-07,3.75E-06,3.56E-06,9.85E-07,2.62E-06
7.00E-06,2.67E-06,-4.89E-11,4.71E-09,2.97E-08,-3.28E-08,-1.22E-09,0.045280208,4.23E-06,1.03E-06,1.00E-06,8.53E-08,4.44E-06,9.76E-07,9.70E-07,9.77E-07,9.71E-07,9.98E-07,1.00E-06,3.75E-06,1.95E-06,1.86E-06,8.45E-06,4.45E-06,8.52E-07,1.18E-06,8.67E-07,8.67E-07,7.20E-06,1.28E-06,3.65E-06,1.18E-06,8.61E-07,9.03E-07,9.60E-07,1.88E-06,1.77E-06,9.81E-07,9.80E-07,9.53E-07,2.04E-06,9.74E-06,9.75E-06,1.63E-06,1.55E-06,9.88E-06,1.62E-06,1.63E-06,4.20E-07,6.61E-07,9.92E-07,3.75E-06,3.41E-06,9.64E-07,2.67E-06
7.00E-06,2.27E-06,-4.53E-11,8.12E-09,1.85E-08,-3.05E-08,-3.48E-09,0.043712572,4.36E-06,1.04E-06,1.01E-06,9.32E-08,4.40E-06,9.77E-07,9.71E-07,9.78E-07,9.72E-07,9.99E-07,1.00E-06,3.76E-06,1.95E-06,1.87E-06,8.48E-06,4.39E-06,8.54E-07,1.18E-06,8.68E-07,8.68E-07,7.37E-06,1.28E-06,3.55E-06,1.18E-06,8.67E-07,8.99E-07,9.59E-07,1.88E-06,1.77E-06,9.82E-07,9.82E-07,9.54E-07,2.04E-06,9.65E-06,9.67E-06,1.64E-06,1.54E-06,9.82E-06,1.61E-06,1.62E-06,4.18E-07,2.25E-07,9.92E-07,3.76E-06,3.28E-06,9.45E-07,2.27E-06
7.00E-06,1.77E-06,-7.49E-11,1.24E-08,2.46E-08,-2.37E-08,-3.63E-09,0.041520348,4.58E-06,1.04E-06,1.01E-06,1.08E-07,4.36E-06,9.78E-07,9.73E-07,9.79E-07,9.73E-07,1.00E-06,1.01E-06,3.77E-06,1.96E-06,1.87E-06,8.49E-06,4.35E-06,8.55E-07,1.18E-06,8.71E-07,8.71E-07,6.88E-06,1.28E-06,3.42E-06,1.18E-06,8.73E-07,8.92E-07,9.57E-07,1.88E-06,1.77E-06,9.83E-07,9.83E-07,9.56E-07,2.04E-06,9.51E-06,9.53E-06,1.65E-06,1.52E-06,9.72E-06,1.60E-06,1.61E-06,4.15E-07,-7.84E-09,9.92E-07,3.77E-06,3.10E-06,9.24E-07,1.77E-06
7.00E-06,1.61E-06,-1.09E-10,1.58E-08,3.26E-08,-1.98E-08,-2.97E-09,0.039353639,4.85E-06,1.04E-06,1.01E-06,1.28E-07,4.37E-06,9.80E-07,9.74E-07,9.81E-07,9.75E-07,1.00E-06,1.01E-06,3.78E-06,1.96E-06,1.87E-06,8.49E-06,4.36E-06,8.56E-07,1.18E-06,8.72E-07,8.72E-07,6.43E-06,1.28E-06,3.27E-06,1.18E-06,8.75E-07,8.89E-07,9.55E-07,1.88E-06,1.76E-06,9.85E-07,9.84E-07,9.57E-07,2.05E-06,9.34E-06,9.37E-06,1.66E-06,1.51E-06,9.60E-06,1.58E-06,1.59E-06,4.11E-07,-4.50E-08,9.92E-07,3.78E-06,2.89E-06,9.04E-07,1.61E-06
7.00E-06,1.64E-06,-1.31E-10,1.89E-08,3.48E-08,-1.90E-08,-3.08E-09,0.037215542,5.14E-06,1.04E-06,1.01E-06,1.55E-07,4.38E-06,9.81E-07,9.76E-07,9.82E-07,9.76E-07,1.00E-06,1.01E-06,3.80E-06,1.96E-06,1.87E-06,8.49E-06,4.39E-06,8.58E-07,1.18E-06,8.72E-07,8.72E-07,6.35E-06,1.28E-06,3.06E-06,1.18E-06,8.75E-07,8.89E-07,9.56E-07,1.88E-06,1.76E-06,9.86E-07,9.86E-07,9.59E-07,2.05E-06,9.17E-06,9.19E-06,1.66E-06,1.49E-06,9.46E-06,1.56E-06,1.57E-06,4.06E-07,-4.47E-08,9.92E-07,3.80E-06,2.64E-06,8.86E-07,1.64E-06
7.00E-06,1.67E-06,-1.35E-10,2.00E-08,3.44E-08,-1.92E-08,-3.36E-09,0.036488612,5.25E-06,1.04E-06,1.01E-06,1.66E-07,4.39E-06,9.82E-07,9.77E-07,9.83E-07,9.77E-07,1.00E-06,1.01E-06,3.80E-06,1.96E-06,1.87E-06,8.49E-06,4.40E-06,8.58E-07,1.18E-06,8.72E-07,8.72E-07,6.40E-06,1.28E-06,2.93E-06,1.18E-06,8.74E-07,8.89E-07,9.56E-07,1.88E-06,1.76E-06,9.87E-07,9.87E-07,9.59E-07,2.05E-06,9.10E-06,9.13E-06,1.66E-06,1.48E-06,9.41E-06,1.55E-06,1.56E-06,4.05E-07,-3.87E-08,9.92E-07,3.80E-06,2.54E-06,8.85E-07,1.67E-06
7.00E-06,1.72E-06,-1.39E-10,2.22E-08,3.36E-08,-1.95E-08,-4.22E-09,0.035036301,5.47E-06,1.04E-06,1.01E-06,1.91E-07,4.40E-06,9.83E-07,9.78E-07,9.84E-07,9.78E-07,1.01E-06,1.02E-06,3.81E-06,1.97E-06,1.87E-06,8.49E-06,4.41E-06,8.60E-07,1.18E-06,8.72E-07,8.72E-07,6.59E-06,1.27E-06,2.56E-06,1.18E-06,8.74E-07,8.90E-07,9.57E-07,1.88E-06,1.77E-06,9.88E-07,9.88E-07,9.60E-07,2.05E-06,8.96E-06,8.99E-06,1.66E-06,1.46E-06,9.30E-06,1.53E-06,1.55E-06,4.01E-07,-1.98E-08,9.92E-07,3.81E-06,2.28E-06,9.00E-07,1.72E-06
7.00E-06,1.76E-06,-1.40E-10,2.44E-08,3.35E-08,-1.94E-08,-5.29E-09,0.033597754,5.70E-06,1.04E-06,1.01E-06,2.20E-07,4.41E-06,9.84E-07,9.79E-07,9.85E-07,9.79E-07,1.01E-06,1.02E-06,3.82E-06,1.97E-06,1.87E-06,8.50E-06,4.42E-06,8.62E-07,1.18E-06,8.73E-07,8.73E-07,6.84E-06,1.27E-06,2.22E-06,1.18E-06,8.75E-07,8.90E-07,9.58E-07,1.88E-06,1.77E-06,9.89E-07,9.89E-07,9.61E-07,2.05E-06,8.82E-06,8.85E-06,1.66E-06,1.45E-06,9.19E-06,1.51E-06,1.53E-06,3.97E-07,-8.42E-09,9.92E-07,3.82E-06,2.04E-06,9.25E-07,1.76E-06
7.00E-06,1.84E-06,-1.40E-10,2.74E-08,3.44E-08,-1.79E-08,-7.11E-09,0.031268177,6.09E-06,1.04E-06,1.01E-06,2.78E-07,4.42E-06,9.86E-07,9.80E-07,9.87E-07,9.80E-07,1.01E-06,1.02E-06,3.83E-06,1.97E-06,1.87E-06,8.51E-06,4.43E-06,8.66E-07,1.18E-06,8.74E-07,8.74E-07,7.21E-06,1.27E-06,1.79E-06,1.18E-06,8.77E-07,8.90E-07,9.60E-07,1.88E-06,1.77E-06,9.91E-07,9.90E-07,9.63E-07,2.06E-06,8.58E-06,8.61E-06,1.65E-06,1.42E-06,8.98E-06,1.48E-06,1.50E-06,3.89E-07,-3.95E-09,9.91E-07,3.83E-06,1.67E-06,9.62E-07,1.84E-06
7.00E-06,1.90E-06,-1.38E-10,2.94E-08,3.54E-08,-1.56E-08,-8.45E-09,0.029505408,6.41E-06,1.04E-06,1.02E-06,3.40E-07,4.43E-06,9.87E-07,9.82E-07,9.88E-07,9.82E-07,1.01E-06,1.02E-06,3.85E-06,1.97E-06,1.87E-06,8.52E-06,4.43E-06,8.69E-07,1.18E-06,8.76E-07,8.76E-07,7.46E-06,1.27E-06,1.51E-06,1.18E-06,8.80E-07,8.89E-07,9.61E-07,1.89E-06,1.77E-06,9.92E-07,9.91E-07,9.64E-07,2.06E-06,8.38E-06,8.42E-06,1.64E-06,1.39E-06,8.81E-06,1.45E-06,1.48E-06,3.83E-07,-4.35E-09,9.91E-07,3.85E-06,1.40E-06,9.79E-07,1.90E-06
7.00E-06,1.96E-06,-1.34E-10,3.21E-08,3.67E-08,-1.17E-08,-9.90E-09,0.02742758,6.81E-06,1.05E-06,1.02E-06,4.51E-07,4.43E-06,9.89E-07,9.84E-07,9.90E-07,9.84E-07,1.01E-06,1.03E-06,3.87E-06,1.98E-06,1.88E-06,8.54E-06,4.44E-06,8.74E-07,1.18E-06,8.79E-07,8.79E-07,7.70E-06,1.27E-06,1.17E-06,1.18E-06,8.85E-07,8.86E-07,9.63E-07,1.89E-06,1.78E-06,9.94E-07,9.93E-07,9.66E-07,2.07E-06,8.14E-06,8.17E-06,1.63E-06,1.36E-06,8.60E-06,1.42E-06,1.45E-06,3.75E-07,-4.26E-09,9.91E-07,3.87E-06,1.07E-06,9.91E-07,1.96E-06
7.01E-06,1.99E-06,-1.19E-10,3.86E-08,3.78E-08,-3.17E-09,-1.20E-08,0.024254478,7.46E-06,1.05E-06,1.02E-06,8.04E-07,4.45E-06,9.93E-07,9.88E-07,9.95E-07,9.88E-07,1.02E-06,1.03E-06,3.93E-06,1.99E-06,1.88E-06,8.57E-06,4.45E-06,8.82E-07,1.18E-06,8.84E-07,8.84E-07,7.99E-06,1.27E-06,6.58E-07,1.18E-06,8.93E-07,8.81E-07,9.65E-07,1.89E-06,1.78E-06,9.99E-07,9.98E-07,9.70E-07,2.08E-06,7.74E-06,7.78E-06,1.61E-06,1.31E-06,8.25E-06,1.36E-06,1.39E-06,3.62E-07,-3.64E-09,9.91E-07,3.93E-06,5.65E-07,1.00E-06,1.99E-06
7.01E-06,1.44E-06,-7.62E-11,5.50E-08,3.39E-08,1.15E-08,-1.45E-08,0.02035545,8.25E-06,1.07E-06,1.04E-06,2.35E-06,4.46E-06,1.00E-06,9.97E-07,1.01E-06,9.99E-07,1.03E-06,1.05E-06,4.06E-06,2.01E-06,1.88E-06,8.61E-06,4.46E-06,8.94E-07,1.18E-06,8.93E-07,8.94E-07,8.11E-06,1.27E-06,1.92E-07,1.18E-06,9.05E-07,8.74E-07,9.69E-07,1.90E-06,1.79E-06,1.01E-06,1.01E-06,9.82E-07,2.10E-06,7.21E-06,7.25E-06,1.57E-06,1.24E-06,7.79E-06,1.29E-06,1.32E-06,3.45E-07,-2.04E-09,9.90E-07,4.06E-06,1.25E-07,1.02E-06,1.44E-06
7.01E-06,-4.90E-07,-1.09E-11,7.85E-08,1.61E-08,2.83E-08,-1.68E-08,0.017205162,8.71E-06,1.08E-06,1.06E-06,6.20E-06,4.46E-06,1.02E-06,1.01E-06,1.02E-06,1.01E-06,1.05E-06,1.08E-06,4.20E-06,2.05E-06,1.89E-06,8.66E-06,4.46E-06,9.06E-07,1.18E-06,9.04E-07,9.04E-07,7.69E-06,1.27E-06,5.03E-08,1.18E-06,9.20E-07,8.65E-07,9.73E-07,1.91E-06,1.79E-06,1.03E-06,1.02E-06,9.96E-07,2.14E-06,6.73E-06,6.78E-06,1.55E-06,1.18E-06,7.38E-06,1.22E-06,1.26E-06,3.29E-07,-3.32E-10,9.90E-07,4.20E-06,1.58E-08,1.05E-06,-4.90E-07
7.01E-06,-5.53E-06,1.04E-10,1.15E-07,-2.08E-08,5.44E-08,-1.92E-08,0.01351697,8.93E-06,1.10E-06,1.07E-06,1.44E-05,4.46E-06,1.03E-06,1.03E-06,1.04E-06,1.03E-06,1.07E-06,1.12E-06,4.31E-06,2.08E-06,1.90E-06,8.73E-06,4.46E-06,9.21E-07,1.18E-06,9.20E-07,9.20E-07,6.52E-06,1.27E-06,7.85E-09,1.18E-06,9.42E-07,8.51E-07,9.80E-07,1.92E-06,1.80E-06,1.05E-06,1.04E-06,1.01E-06,2.17E-06,6.10E-06,6.17E-06,1.52E-06,1.09E-06,6.85E-06,1.14E-06,1.18E-06,3.09E-07,2.33E-10,9.91E-07,4.31E-06,1.45E-10,1.09E-06,-5.53E-06
7.01E-06,-1.11E-05,2.12E-10,1.41E-07,-3.87E-08,7.58E-08,-2.00E-08,0.010741169,8.96E-06,1.11E-06,1.08E-06,2.22E-05,4.48E-06,1.05E-06,1.04E-06,1.05E-06,1.04E-06,1.08E-06,1.14E-06,4.34E-06,2.10E-06,1.91E-06,8.78E-06,4.48E-06,9.33E-07,1.18E-06,9.34E-07,9.34E-07,5.57E-06,1.27E-06,8.79E-09,1.18E-06,9.59E-07,8.41E-07,9.86E-07,1.93E-06,1.81E-06,1.06E-06,1.05E-06,1.02E-06,2.18E-06,5.58E-06,5.66E-06,1.50E-06,1.02E-06,6.42E-06,1.07E-06,1.12E-06,2.93E-07,1.33E-10,9.91E-07,4.34E-06,-2.64E-10,1.10E-06,-1.11E-05
7.01E-06,-1.69E-05,3.27E-10,1.57E-07,-3.39E-08,9.24E-08,-2.00E-08,0.008222677,9.01E-06,1.12E-06,1.09E-06,3.01E-05,4.53E-06,1.05E-06,1.05E-06,1.06E-06,1.05E-06,1.08E-06,1.15E-06,4.37E-06,2.11E-06,1.91E-06,8.82E-06,4.53E-06,9.44E-07,1.18E-06,9.46E-07,9.47E-07,5.10E-06,1.27E-06,7.31E-09,1.18E-06,9.72E-07,8.36E-07,9.94E-07,1.95E-06,1.83E-06,1.06E-06,1.06E-06,1.03E-06,2.19E-06,5.04E-06,5.13E-06,1.50E-06,9.58E-07,5.99E-06,9.98E-07,1.05E-06,2.76E-07,1.80E-11,9.92E-07,4.37E-06,-1.21E-11,1.11E-06,-1.69E-05
7.01E-06,-2.48E-05,4.93E-10,1.64E-07,1.13E-09,1.05E-07,-2.01E-08,0.005165824,9.17E-06,1.12E-06,1.09E-06,4.17E-05,4.64E-06,1.06E-06,1.06E-06,1.06E-06,1.05E-06,1.09E-06,1.16E-06,4.42E-06,2.12E-06,1.93E-06,8.88E-06,4.65E-06,9.58E-07,1.18E-06,9.60E-07,9.61E-07,5.54E-06,1.27E-06,6.46E-09,1.18E-06,9.85E-07,8.38E-07,1.01E-06,1.97E-06,1.85E-06,1.07E-06,1.06E-06,1.03E-06,2.20E-06,4.29E-06,4.40E-06,1.51E-06,8.70E-07,5.41E-06,9.05E-07,9.68E-07,2.54E-07,-2.50E-13,9.92E-07,4.42E-06,2.92E-11,1.12E-06,-2.48E-05
7.01E-06,-3.05E-05,6.09E-10,1.64E-07,8.67E-08,1.03E-07,-1.90E-08,0.002988881,9.32E-06,1.12E-06,1.10E-06,5.17E-05,4.77E-06,1.06E-06,1.06E-06,1.07E-06,1.06E-06,1.09E-06,1.16E-06,4.44E-06,2.13E-06,1.94E-06,8.91E-06,4.80E-06,9.68E-07,1.18E-06,9.67E-07,9.68E-07,7.46E-06,1.27E-06,5.81E-09,1.18E-06,9.88E-07,8.50E-07,1.02E-06,2.00E-06,1.88E-06,1.07E-06,1.07E-06,1.04E-06,2.21E-06,3.61E-06,3.73E-06,1.58E-06,8.00E-07,4.94E-06,8.28E-07,8.97E-07,2.37E-07,1.66E-12,9.92E-07,4.44E-06,2.25E-11,1.12E-06,-3.05E-05
7.01E-06,-3.48E-05,6.83E-10,1.63E-07,3.13E-07,8.01E-08,-1.60E-08,0.001125617,9.66E-06,1.13E-06,1.10E-06,6.37E-05,5.00E-06,1.07E-06,1.06E-06,1.07E-06,1.06E-06,1.09E-06,1.15E-06,4.49E-06,2.14E-06,1.95E-06,8.92E-06,5.07E-06,9.76E-07,1.18E-06,9.67E-07,9.69E-07,1.37E-05,1.27E-06,5.17E-09,1.18E-06,9.79E-07,8.79E-07,1.04E-06,2.03E-06,1.91E-06,1.07E-06,1.07E-06,1.04E-06,2.22E-06,2.73E-06,2.88E-06,1.75E-06,7.31E-07,4.42E-06,7.44E-07,8.21E-07,2.17E-07,9.60E-12,9.90E-07,4.49E-06,-5.06E-12,1.13E-06,-3.48E-05
7.01E-06,-3.91E-05,8.92E-10,1.62E-07,1.10E-07,8.07E-08,-2.92E-08,0.000764753,9.24E-06,1.13E-06,1.10E-06,6.67E-05,4.90E-06,1.07E-06,1.06E-06,1.07E-06,1.06E-06,1.09E-06,1.15E-06,4.42E-06,2.13E-06,1.96E-06,9.04E-06,4.92E-06,9.88E-07,1.18E-06,9.76E-07,9.78E-07,1.50E-05,1.27E-06,6.01E-09,1.18E-06,9.97E-07,8.82E-07,1.04E-06,2.04E-06,1.91E-06,1.07E-06,1.07E-06,1.04E-06,2.20E-06,2.42E-06,2.59E-06,1.71E-06,6.83E-07,4.18E-06,7.05E-07,7.87E-07,2.09E-07,4.23E-11,9.90E-07,4.42E-06,-8.03E-11,1.13E-06,-3.91E-05
7.01E-06,-4.34E-05,9.84E-10,1.59E-07,8.55E-08,9.71E-08,-3.27E-08,0.000513581,9.07E-06,1.12E-06,1.09E-06,6.90E-05,4.82E-06,1.07E-06,1.06E-06,1.07E-06,1.06E-06,1.09E-06,1.15E-06,4.38E-06,2.13E-06,1.97E-06,9.09E-06,4.81E-06,9.96E-07,1.18E-06,9.86E-07,9.88E-07,1.51E-05,1.27E-06,4.68E-09,1.18E-06,1.02E-06,8.70E-07,1.04E-06,2.04E-06,1.91E-06,1.07E-06,1.07E-06,1.04E-06,2.19E-06,2.13E-06,2.31E-06,1.71E-06,6.48E-07,3.94E-06,6.67E-07,7.53E-07,2.00E-07,6.46E-12,9.90E-07,4.38E-06,2.45E-11,1.12E-06,-4.34E-05
7.01E-06,-4.91E-05,1.11E-09,1.53E-07,-4.46E-09,1.23E-07,-3.69E-08,0.000329048,8.83E-06,1.12E-06,1.09E-06,7.08E-05,4.71E-06,1.07E-06,1.06E-06,1.07E-06,1.06E-06,1.08E-06,1.14E-06,4.33E-06,2.11E-06,1.98E-06,9.16E-06,4.68E-06,1.01E-06,1.18E-06,1.00E-06,1.00E-06,1.34E-05,1.27E-06,2.59E-09,1.18E-06,1.04E-06,8.52E-07,1.03E-06,2.03E-06,1.90E-06,1.06E-06,1.07E-06,1.03E-06,2.17E-06,1.81E-06,1.99E-06,1.66E-06,5.99E-07,3.65E-06,6.20E-07,7.10E-07,1.89E-07,-2.50E-12,9.90E-07,4.33E-06,5.34E-11,1.12E-06,-4.91E-05
7.01E-06,-5.62E-05,1.24E-09,1.36E-07,-8.75E-08,1.68E-07,-3.74E-08,0.000206362,8.56E-06,1.11E-06,1.08E-06,7.17E-05,4.60E-06,1.06E-06,1.06E-06,1.06E-06,1.05E-06,1.07E-06,1.12E-06,4.27E-06,2.10E-06,1.98E-06,9.22E-06,4.55E-06,1.02E-06,1.18E-06,1.02E-06,1.02E-06,9.71E-06,1.26E-06,-8.16E-10,1.18E-06,1.07E-06,8.21E-07,1.03E-06,2.01E-06,1.89E-06,1.05E-06,1.06E-06,1.03E-06,2.16E-06,1.48E-06,1.66E-06,1.55E-06,5.37E-07,3.27E-06,5.57E-07,6.53E-07,1.75E-07,-1.34E-11,9.90E-07,4.27E-06,8.22E-11,1.12E-06,-5.62E-05
7.01E-06,-6.12E-05,1.35E-09,1.14E-07,-1.03E-07,2.09E-07,-3.40E-08,0.000150439,8.42E-06,1.10E-06,1.07E-06,7.17E-05,4.55E-06,1.05E-06,1.05E-06,1.05E-06,1.04E-06,1.06E-06,1.09E-06,4.22E-06,2.08E-06,1.98E-06,9.25E-06,4.51E-06,1.03E-06,1.18E-06,1.04E-06,1.04E-06,6.78E-06,1.26E-06,-3.82E-09,1.18E-06,1.09E-06,7.94E-07,1.02E-06,2.00E-06,1.87E-06,1.04E-06,1.05E-06,1.02E-06,2.14E-06,1.25E-06,1.41E-06,1.44E-06,4.86E-07,2.94E-06,5.02E-07,6.02E-07,1.62E-07,-1.91E-11,9.91E-07,4.22E-06,9.09E-11,1.11E-06,-6.12E-05
7.01E-06,-6.43E-05,1.47E-09,9.02E-08,-1.03E-07,2.41E-07,-3.09E-08,0.000123235,8.33E-06,1.09E-06,1.06E-06,7.13E-05,4.54E-06,1.05E-06,1.04E-06,1.04E-06,1.03E-06,1.05E-06,1.07E-06,4.19E-06,2.06E-06,1.98E-06,9.26E-06,4.52E-06,1.04E-06,1.18E-06,1.05E-06,1.05E-06,5.13E-06,1.26E-06,-5.63E-09,1.18E-06,1.11E-06,7.76E-07,1.01E-06,1.98E-06,1.86E-06,1.04E-06,1.04E-06,1.01E-06,2.13E-06,1.09E-06,1.23E-06,1.32E-06,4.44E-07,2.66E-06,4.58E-07,5.59E-07,1.51E-07,-1.23E-11,9.91E-07,4.19E-06,6.53E-11,1.10E-06,-6.43E-05
7.01E-06,-6.64E-05,1.65E-09,6.26E-08,-1.02E-07,2.72E-07,-2.85E-08,0.000106285,8.25E-06,1.08E-06,1.05E-06,7.07E-05,4.56E-06,1.04E-06,1.03E-06,1.03E-06,1.03E-06,1.05E-06,1.04E-06,4.15E-06,2.05E-06,1.98E-06,9.26E-06,4.55E-06,1.05E-06,1.18E-06,1.06E-06,1.07E-06,4.19E-06,1.26E-06,-6.94E-09,1.18E-06,1.11E-06,7.61E-07,1.01E-06,1.98E-06,1.85E-06,1.03E-06,1.03E-06,1.00E-06,2.12E-06,9.50E-07,1.08E-06,1.19E-06,4.00E-07,2.39E-06,4.12E-07,5.13E-07,1.39E-07,-4.90E-12,9.92E-07,4.15E-06,3.89E-11,1.09E-06,-6.64E-05
7.01E-06,-6.78E-05,1.98E-09,2.46E-08,-9.59E-08,3.09E-07,-2.68E-08,9.44E-05,8.15E-06,1.07E-06,1.04E-06,6.95E-05,4.58E-06,1.03E-06,1.02E-06,1.02E-06,1.01E-06,1.04E-06,1.01E-06,4.11E-06,2.03E-06,1.98E-06,9.26E-06,4.59E-06,1.06E-06,1.18E-06,1.08E-06,1.08E-06,3.82E-06,1.26E-06,-6.92E-09,1.18E-06,1.12E-06,7.43E-07,1.00E-06,1.97E-06,1.84E-06,1.02E-06,1.02E-06,9.93E-07,2.10E-06,7.94E-07,9.00E-07,1.02E-06,3.45E-07,2.04E-06,3.54E-07,4.54E-07,1.24E-07,6.23E-12,9.93E-07,4.11E-06,2.21E-12,1.08E-06,-6.78E-05
7.01E-06,-6.77E-05,2.47E-09,-1.43E-08,-8.66E-08,3.49E-07,-2.59E-08,8.95E-05,8.05E-06,1.06E-06,1.03E-06,6.80E-05,4.60E-06,1.01E-06,1.01E-06,1.01E-06,1.00E-06,1.02E-06,9.71E-07,4.06E-06,2.00E-06,1.98E-06,9.27E-06,4.61E-06,1.08E-06,1.18E-06,1.10E-06,1.10E-06,4.06E-06,1.26E-06,-6.20E-09,1.18E-06,1.13E-06,7.24E-07,1.00E-06,1.96E-06,1.84E-06,1.01E-06,1.01E-06,9.82E-07,2.08E-06,6.59E-07,7.47E-07,8.48E-07,2.90E-07,1.71E-06,2.98E-07,3.93E-07,1.08E-07,8.41E-12,9.93E-07,4.06E-06,-7.08E-12,1.07E-06,-6.77E-05
7.01E-06,-6.69E-05,2.93E-09,-4.06E-08,-7.86E-08,3.82E-07,-2.53E-08,8.94E-05,7.98E-06,1.05E-06,1.02E-06,6.65E-05,4.58E-06,1.01E-06,9.98E-07,1.00E-06,9.95E-07,1.02E-06,9.47E-07,4.03E-06,1.99E-06,1.97E-06,9.27E-06,4.59E-06,1.09E-06,1.18E-06,1.11E-06,1.11E-06,4.47E-06,1.26E-06,-5.28E-09,1.18E-06,1.14E-06,7.07E-07,9.97E-07,1.96E-06,1.83E-06,1.00E-06,1.00E-06,9.74E-07,2.06E-06,5.76E-07,6.51E-07,7.25E-07,2.52E-07,1.48E-06,2.59E-07,3.50E-07,9.64E-08,8.50E-12,9.94E-07,4.03E-06,-8.38E-12,1.06E-06,-6.69E-05
7.01E-06,-6.55E-05,3.48E-09,-6.23E-08,-7.06E-08,4.17E-07,-2.42E-08,9.10E-05,7.92E-06,1.05E-06,1.02E-06,6.49E-05,4.55E-06,9.97E-07,9.89E-07,9.93E-07,9.87E-07,1.01E-06,9.27E-07,4.00E-06,1.98E-06,1.97E-06,9.26E-06,4.56E-06,1.11E-06,1.18E-06,1.12E-06,1.13E-06,4.80E-06,1.26E-06,-4.28E-09,1.18E-06,1.15E-06,6.87E-07,9.92E-07,1.95E-06,1.82E-06,9.93E-07,9.95E-07,9.67E-07,2.05E-06,5.07E-07,5.72E-07,6.19E-07,2.18E-07,1.28E-06,2.25E-07,3.10E-07,8.60E-08,8.05E-12,9.94E-07,4.00E-06,-7.73E-12,1.05E-06,-6.55E-05
7.01E-06,-6.36E-05,4.21E-09,-8.11E-08,-6.18E-08,4.60E-07,-2.19E-08,9.40E-05,7.85E-06,1.04E-06,1.01E-06,6.28E-05,4.51E-06,9.88E-07,9.81E-07,9.86E-07,9.80E-07,1.00E-06,9.10E-07,3.97E-06,1.96E-06,1.96E-06,9.25E-06,4.51E-06,1.13E-06,1.18E-06,1.14E-06,1.14E-06,4.89E-06,1.26E-06,-3.27E-09,1.18E-06,1.17E-06,6.62E-07,9.84E-07,1.93E-06,1.81E-06,9.86E-07,9.88E-07,9.60E-07,2.03E-06,4.45E-07,4.99E-07,5.17E-07,1.86E-07,1.09E-06,1.93E-07,2.70E-07,7.55E-08,6.89E-12,9.95E-07,3.97E-06,-4.75E-12,1.04E-06,-6.36E-05
7.02E-06,-6.03E-05,5.57E-09,-9.97E-08,-4.92E-08,5.25E-07,-1.72E-08,0.000100215,7.77E-06,1.03E-06,1.00E-06,5.92E-05,4.43E-06,9.77E-07,9.70E-07,9.76E-07,9.70E-07,9.94E-07,8.94E-07,3.93E-06,1.94E-06,1.94E-06,9.19E-06,4.43E-06,1.15E-06,1.17E-06,1.16E-06,1.17E-06,4.60E-06,1.26E-06,-2.04E-09,1.18E-06,1.19E-06,6.23E-07,9.71E-07,1.91E-06,1.78E-06,9.78E-07,9.79E-07,9.52E-07,2.01E-06,3.72E-07,4.15E-07,3.93E-07,1.47E-07,8.59E-07,1.54E-07,2.20E-07,6.21E-08,5.63E-12,9.95E-07,3.93E-06,-1.74E-12,1.03E-06,-6.03E-05
7.02E-06,-5.64E-05,7.23E-09,-1.07E-07,-3.75E-08,5.80E-07,-1.25E-08,0.000108755,7.71E-06,1.02E-06,9.94E-07,5.51E-05,4.37E-06,9.69E-07,9.62E-07,9.68E-07,9.63E-07,9.87E-07,8.88E-07,3.89E-06,1.93E-06,1.92E-06,9.11E-06,4.37E-06,1.17E-06,1.17E-06,1.18E-06,1.18E-06,4.17E-06,1.26E-06,-1.26E-09,1.18E-06,1.20E-06,5.88E-07,9.59E-07,1.88E-06,1.76E-06,9.71E-07,9.72E-07,9.45E-07,2.00E-06,3.22E-07,3.55E-07,3.03E-07,1.19E-07,6.92E-07,1.25E-07,1.81E-07,5.15E-08,4.39E-12,9.96E-07,3.89E-06,1.18E-12,1.02E-06,-5.64E-05
7.02E-06,-5.20E-05,9.08E-09,-1.07E-07,-2.69E-08,6.21E-07,-8.88E-09,0.000119874,7.65E-06,1.02E-06,9.88E-07,5.04E-05,4.33E-06,9.63E-07,9.56E-07,9.63E-07,9.57E-07,9.82E-07,8.90E-07,3.87E-06,1.92E-06,1.90E-06,9.03E-06,4.33E-06,1.18E-06,1.17E-06,1.19E-06,1.19E-06,3.88E-06,1.26E-06,-8.96E-10,1.18E-06,1.20E-06,5.61E-07,9.50E-07,1.87E-06,1.74E-06,9.66E-07,9.66E-07,9.40E-07,1.99E-06,2.89E-07,3.15E-07,2.39E-07,9.90E-08,5.75E-07,1.04E-07,1.52E-07,4.37E-08,3.38E-12,9.96E-07,3.87E-06,3.22E-12,1.02E-06,-5.20E-05
7.02E-06,-4.56E-05,1.16E-08,-1.01E-07,-1.30E-08,6.53E-07,-5.75E-09,0.000139598,7.56E-06,1.01E-06,9.82E-07,4.34E-05,4.30E-06,9.57E-07,9.50E-07,9.57E-07,9.51E-07,9.76E-07,8.95E-07,3.83E-06,1.91E-06,1.88E-06,8.93E-06,4.30E-06,1.20E-06,1.17E-06,1.19E-06,1.20E-06,3.83E-06,1.25E-06,-1.02E-09,1.18E-06,1.20E-06,5.38E-07,9.42E-07,1.85E-06,1.73E-06,9.60E-07,9.60E-07,9.34E-07,1.98E-06,2.65E-07,2.83E-07,1.82E-07,8.18E-08,4.73E-07,8.61E-08,1.26E-07,3.63E-08,1.73E-12,9.96E-07,3.83E-06,6.61E-12,1.01E-06,-4.56E-05
7.02E-06,-3.46E-05,1.54E-08,-9.24E-08,9.05E-09,6.76E-07,-3.25E-09,0.000178979,7.43E-06,1.00E-06,9.73E-07,3.14E-05,4.28E-06,9.49E-07,9.42E-07,9.48E-07,9.43E-07,9.67E-07,9.03E-07,3.77E-06,1.89E-06,1.85E-06,8.83E-06,4.28E-06,1.21E-06,1.16E-06,1.20E-06,1.20E-06,4.30E-06,1.25E-06,-1.59E-09,1.18E-06,1.20E-06,5.19E-07,9.35E-07,1.84E-06,1.71E-06,9.51E-07,9.52E-07,9.26E-07,1.96E-06,2.49E-07,2.59E-07,1.30E-07,6.72E-08,3.83E-07,7.00E-08,1.01E-07,2.93E-08,4.08E-13,9.95E-07,3.77E-06,1.48E-11,1.00E-06,-3.46E-05
7.02E-06,-2.67E-05,1.83E-08,-8.10E-08,2.17E-08,6.85E-07,-2.46E-09,0.000203858,7.44E-06,9.98E-07,9.71E-07,2.40E-05,4.26E-06,9.45E-07,9.39E-07,9.45E-07,9.40E-07,9.65E-07,9.15E-07,3.75E-06,1.89E-06,1.84E-06,8.77E-06,4.26E-06,1.22E-06,1.16E-06,1.20E-06,1.20E-06,4.75E-06,1.25E-06,-7.08E-10,1.18E-06,1.20E-06,5.10E-07,9.30E-07,1.83E-06,1.71E-06,9.49E-07,9.49E-07,9.24E-07,1.96E-06,2.37E-07,2.43E-07,1.08E-07,5.98E-08,3.39E-07,6.20E-08,8.76E-08,2.56E-08,3.50E-12,9.95E-07,3.75E-06,4.57E-11,9.99E-07,-2.67E-05
7.03E-06,-2.15E-05,2.11E-08,-6.29E-08,2.33E-08,6.92E-07,-2.07E-09,0.000210448,7.49E-06,1.00E-06,9.74E-07,1.96E-05,4.24E-06,9.46E-07,9.40E-07,9.46E-07,9.41E-07,9.67E-07,9.33E-07,3.76E-06,1.89E-06,1.83E-06,8.73E-06,4.24E-06,1.22E-06,1.16E-06,1.20E-06,1.20E-06,4.83E-06,1.25E-06,7.73E-10,1.18E-06,1.20E-06,5.03E-07,9.27E-07,1.82E-06,1.70E-06,9.51E-07,9.51E-07,9.25E-07,1.96E-06,2.21E-07,2.27E-07,9.76E-08,5.44E-08,3.09E-07,5.67E-08,7.85E-08,2.30E-08,5.10E-12,9.94E-07,3.76E-06,1.44E-10,1.00E-06,-2.15E-05
7.03E-06,-1.76E-05,2.44E-08,-3.72E-08,1.76E-08,7.00E-07,-1.52E-09,0.000205939,7.53E-06,1.01E-06,9.78E-07,1.60E-05,4.23E-06,9.50E-07,9.44E-07,9.51E-07,9.45E-07,9.72E-07,9.59E-07,3.78E-06,1.90E-06,1.82E-06,8.70E-06,4.23E-06,1.22E-06,1.15E-06,1.20E-06,1.20E-06,4.58E-06,1.25E-06,1.61E-09,1.18E-06,1.20E-06,4.96E-07,9.27E-07,1.82E-06,1.70E-06,9.55E-07,9.55E-07,9.29E-07,1.97E-06,2.03E-07,2.10E-07,8.88E-08,4.93E-08,2.81E-07,5.17E-08,7.02E-08,2.06E-08,3.49E-12,9.93E-07,3.78E-06,4.01E-10,1.00E-06,-1.76E-05
7.03E-06,-1.41E-05,2.83E-08,-1.35E-08,1.20E-08,7.05E-07,-9.23E-10,0.000201592,7.52E-06,1.01E-06,9.81E-07,1.24E-05,4.24E-06,9.54E-07,9.48E-07,9.54E-07,9.49E-07,9.75E-07,9.81E-07,3.78E-06,1.91E-06,1.82E-06,8.69E-06,4.23E-06,1.23E-06,1.15E-06,1.20E-06,1.21E-06,4.32E-06,1.25E-06,1.86E-09,1.18E-06,1.21E-06,4.93E-07,9.29E-07,1.82E-06,1.70E-06,9.59E-07,9.58E-07,9.32E-07,1.98E-06,1.88E-07,1.95E-07,7.89E-08,4.47E-08,2.55E-07,4.70E-08,6.25E-08,1.84E-08,3.08E-12,9.92E-07,3.78E-06,1.23E-09,1.01E-06,-1.41E-05
7.03E-06,-1.12E-05,3.22E-08,-8.57E-10,1.04E-08,7.07E-07,-6.19E-10,0.000202226,7.50E-06,1.01E-06,9.83E-07,9.22E-06,4.25E-06,9.56E-07,9.51E-07,9.56E-07,9.51E-07,9.76E-07,9.92E-07,3.77E-06,1.91E-06,1.82E-06,8.70E-06,4.25E-06,1.23E-06,1.15E-06,1.20E-06,1.21E-06,4.29E-06,1.25E-06,3.70E-09,1.18E-06,1.21E-06,4.94E-07,9.31E-07,1.83E-06,1.71E-06,9.60E-07,9.60E-07,9.34E-07,1.98E-06,1.78E-07,1.84E-07,7.02E-08,4.13E-08,2.35E-07,4.34E-08,5.66E-08,1.67E-08,7.24E-12,9.92E-07,3.77E-06,3.59E-09,1.01E-06,-1.12E-05
7.03E-06,-7.82E-06,3.76E-08,8.30E-09,9.35E-09,7.10E-07,-4.43E-10,0.000204537,7.49E-06,1.01E-06,9.85E-07,5.85E-06,4.27E-06,9.58E-07,9.53E-07,9.58E-07,9.53E-07,9.78E-07,1.00E-06,3.77E-06,1.91E-06,1.82E-06,8.72E-06,4.27E-06,1.23E-06,1.14E-06,1.21E-06,1.21E-06,4.36E-06,1.25E-06,1.37E-08,1.18E-06,1.22E-06,4.96E-07,9.35E-07,1.83E-06,1.71E-06,9.62E-07,9.62E-07,9.36E-07,1.98E-06,1.67E-07,1.71E-07,6.08E-08,3.74E-08,2.12E-07,3.92E-08,5.00E-08,1.48E-08,1.99E-11,9.92E-07,3.77E-06,1.39E-08,1.01E-06,-7.82E-06
7.04E-06,-5.23E-06,4.45E-08,1.42E-08,6.87E-09,7.13E-07,-2.73E-10,0.000204714,7.46E-06,1.02E-06,9.88E-07,3.33E-06,4.28E-06,9.61E-07,9.56E-07,9.61E-07,9.55E-07,9.81E-07,1.01E-06,3.76E-06,1.92E-06,1.83E-06,8.75E-06,4.28E-06,1.23E-06,1.13E-06,1.21E-06,1.22E-06,4.39E-06,1.25E-06,4.95E-08,1.18E-06,1.22E-06,4.97E-07,9.37E-07,1.84E-06,1.72E-06,9.65E-07,9.65E-07,9.39E-07,1.99E-06,1.54E-07,1.57E-07,5.27E-08,3.36E-08,1.91E-07,3.53E-08,4.39E-08,1.30E-08,5.09E-11,9.91E-07,3.76E-06,5.05E-08,1.02E-06,-5.23E-06
7.04E-06,-3.72E-06,5.23E-08,1.59E-08,3.71E-09,7.16E-07,-9.69E-11,0.000203412,7.37E-06,1.02E-06,9.91E-07,1.84E-06,4.29E-06,9.64E-07,9.59E-07,9.64E-07,9.59E-07,9.85E-07,1.01E-06,3.76E-06,1.92E-06,1.84E-06,8.78E-06,4.29E-06,1.24E-06,1.12E-06,1.22E-06,1.22E-06,4.36E-06,1.25E-06,1.43E-07,1.17E-06,1.22E-06,4.99E-07,9.40E-07,1.85E-06,1.72E-06,9.68E-07,9.68E-07,9.42E-07,2.00E-06,1.42E-07,1.45E-07,4.59E-08,3.02E-08,1.72E-07,3.18E-08,3.87E-08,1.15E-08,1.07E-10,9.91E-07,3.76E-06,1.45E-07,1.02E-06,-3.72E-06
7.05E-06,-2.80E-06,6.42E-08,1.32E-08,1.37E-10,7.16E-07,7.04E-11,0.000201995,7.13E-06,1.02E-06,9.95E-07,9.22E-07,4.31E-06,9.68E-07,9.63E-07,9.68E-07,9.63E-07,9.89E-07,1.01E-06,3.76E-06,1.93E-06,1.85E-06,8.82E-06,4.31E-06,1.24E-06,1.11E-06,1.22E-06,1.23E-06,4.33E-06,1.25E-06,3.85E-07,1.17E-06,1.23E-06,5.03E-07,9.44E-07,1.85E-06,1.73E-06,9.72E-07,9.72E-07,9.45E-07,2.00E-06,1.28E-07,1.30E-07,3.83E-08,2.64E-08,1.50E-07,2.80E-08,3.30E-08,9.78E-09,1.75E-10,9.91E-07,3.76E-06,3.89E-07,1.02E-06,-2.80E-06
7.06E-06,-2.47E-06,7.70E-08,7.26E-09,-1.63E-09,7.14E-07,1.76E-10,0.000201895,6.82E-06,1.03E-06,9.98E-07,5.64E-07,4.33E-06,9.71E-07,9.65E-07,9.71E-07,9.65E-07,9.91E-07,9.99E-07,3.76E-06,1.94E-06,1.85E-06,8.85E-06,4.33E-06,1.23E-06,1.09E-06,1.22E-06,1.23E-06,4.35E-06,1.24E-06,6.96E-07,1.17E-06,1.23E-06,5.07E-07,9.47E-07,1.86E-06,1.74E-06,9.74E-07,9.74E-07,9.48E-07,2.01E-06,1.17E-07,1.19E-07,3.25E-08,2.35E-08,1.34E-07,2.49E-08,2.87E-08,8.51E-09,1.79E-10,9.91E-07,3.76E-06,7.00E-07,1.03E-06,-2.47E-06
7.07E-06,-2.33E-06,8.87E-08,2.27E-09,-1.91E-09,7.10E-07,2.47E-10,0.000202175,6.54E-06,1.03E-06,9.98E-07,4.12E-07,4.33E-06,9.72E-07,9.66E-07,9.72E-07,9.66E-07,9.92E-07,9.95E-07,3.76E-06,1.94E-06,1.86E-06,8.86E-06,4.33E-06,1.23E-06,1.08E-06,1.22E-06,1.23E-06,4.37E-06,1.24E-06,9.74E-07,1.17E-06,1.23E-06,5.10E-07,9.48E-07,1.86E-06,1.74E-06,9.75E-07,9.75E-07,9.48E-07,2.01E-06,1.09E-07,1.10E-07,2.88E-08,2.15E-08,1.22E-07,2.28E-08,2.58E-08,7.66E-09,1.66E-10,9.92E-07,3.76E-06,9.77E-07,1.03E-06,-2.33E-06
7.08E-06,-2.23E-06,1.01E-07,-5.16E-10,-1.77E-09,7.05E-07,3.15E-10,0.000202228,6.23E-06,1.03E-06,9.99E-07,3.15E-07,4.33E-06,9.72E-07,9.66E-07,9.72E-07,9.66E-07,9.92E-07,9.92E-07,3.75E-06,1.94E-06,1.86E-06,8.87E-06,4.33E-06,1.23E-06,1.06E-06,1.22E-06,1.23E-06,4.38E-06,1.24E-06,1.27E-06,1.16E-06,1.23E-06,5.13E-07,9.49E-07,1.86E-06,1.74E-06,9.76E-07,9.76E-07,9.49E-07,2.01E-06,1.02E-07,1.03E-07,2.57E-08,1.98E-08,1.13E-07,2.11E-08,2.35E-08,6.97E-09,1.65E-10,9.92E-07,3.75E-06,1.27E-06,1.03E-06,-2.23E-06
7.09E-06,-2.15E-06,1.17E-07,-1.11E-09,-1.58E-09,6.96E-07,3.80E-10,0.000202003,5.84E-06,1.03E-06,9.99E-07,2.35E-07,4.33E-06,9.72E-07,9.66E-07,9.72E-07,9.66E-07,9.92E-07,9.92E-07,3.75E-06,1.94E-06,1.86E-06,8.86E-06,4.33E-06,1.22E-06,1.04E-06,1.21E-06,1.22E-06,4.37E-06,1.23E-06,1.65E-06,1.16E-06,1.22E-06,5.17E-07,9.49E-07,1.86E-06,1.74E-06,9.76E-07,9.76E-07,9.49E-07,2.01E-06,9.48E-08,9.59E-08,2.28E-08,1.82E-08,1.03E-07,1.94E-08,2.11E-08,6.28E-09,1.75E-10,9.92E-07,3.75E-06,1.65E-06,1.03E-06,-2.15E-06
7.11E-06,-2.09E-06,1.37E-07,-5.25E-10,-1.34E-09,6.79E-07,4.83E-10,0.000201574,5.31E-06,1.03E-06,9.99E-07,1.68E-07,4.33E-06,9.72E-07,9.67E-07,9.72E-07,9.67E-07,9.93E-07,9.93E-07,3.74E-06,1.94E-06,1.86E-06,8.86E-06,4.33E-06,1.21E-06,1.01E-06,1.21E-06,1.21E-06,4.36E-06,1.22E-06,2.16E-06,1.14E-06,1.21E-06,5.26E-07,9.49E-07,1.86E-06,1.74E-06,9.76E-07,9.76E-07,9.49E-07,2.01E-06,8.73E-08,8.81E-08,2.00E-08,1.64E-08,9.37E-08,1.76E-08,1.89E-08,5.61E-09,2.00E-10,9.93E-07,3.74E-06,2.17E-06,1.03E-06,-2.09E-06
7.14E-06,-2.03E-06,1.62E-07,-8.72E-11,-1.01E-09,6.50E-07,5.80E-10,0.00020096,4.61E-06,1.03E-06,9.99E-07,1.15E-07,4.33E-06,9.72E-07,9.67E-07,9.73E-07,9.67E-07,9.93E-07,9.94E-07,3.73E-06,1.94E-06,1.86E-06,8.85E-06,4.33E-06,1.20E-06,9.64E-07,1.19E-06,1.20E-06,4.34E-06,1.20E-06,2.85E-06,1.13E-06,1.20E-06,5.41E-07,9.49E-07,1.86E-06,1.74E-06,9.76E-07,9.76E-07,9.49E-07,2.01E-06,7.97E-08,8.03E-08,1.75E-08,1.48E-08,8.45E-08,1.59E-08,1.68E-08,4.99E-09,2.77E-10,9.93E-07,3.73E-06,2.85E-06,1.03E-06,-2.03E-06
7.15E-06,-2.02E-06,1.69E-07,-9.34E-11,-8.96E-10,6.38E-07,6.06E-10,0.000200756,4.38E-06,1.03E-06,9.99E-07,1.02E-07,4.33E-06,9.72E-07,9.67E-07,9.73E-07,9.67E-07,9.93E-07,9.94E-07,3.73E-06,1.94E-06,1.86E-06,8.85E-06,4.33E-06,1.19E-06,9.50E-07,1.19E-06,1.19E-06,4.33E-06,1.19E-06,3.07E-06,1.12E-06,1.19E-06,5.47E-07,9.49E-07,1.86E-06,1.74E-06,9.76E-07,9.76E-07,9.49E-07,2.01E-06,7.76E-08,7.83E-08,1.69E-08,1.44E-08,8.21E-08,1.55E-08,1.63E-08,4.84E-09,3.55E-10,9.93E-07,3.73E-06,3.07E-06,1.03E-06,-2.02E-06
7.17E-06,-2.00E-06,1.81E-07,-1.20E-10,-6.95E-10,6.13E-07,6.52E-10,0.000200359,3.95E-06,1.03E-06,9.99E-07,8.17E-08,4.33E-06,9.72E-07,9.67E-07,9.73E-07,9.67E-07,9.93E-07,9.94E-07,3.72E-06,1.94E-06,1.86E-06,8.84E-06,4.33E-06,1.17E-06,9.22E-07,1.17E-06,1.18E-06,4.32E-06,1.18E-06,3.48E-06,1.10E-06,1.18E-06,5.60E-07,9.49E-07,1.86E-06,1.74E-06,9.76E-07,9.76E-07,9.49E-07,2.01E-06,7.41E-08,7.47E-08,1.59E-08,1.37E-08,7.81E-08,1.48E-08,1.54E-08,4.59E-09,8.19E-10,9.93E-07,3.72E-06,3.49E-06,1.03E-06,-2.00E-06
7.17E-06,-2.00E-06,1.83E-07,-1.70E-10,-6.31E-10,6.06E-07,6.62E-10,0.000200262,3.85E-06,1.03E-06,9.99E-07,7.70E-08,4.33E-06,9.72E-07,9.67E-07,9.73E-07,9.67E-07,9.93E-07,9.94E-07,3.72E-06,1.94E-06,1.86E-06,8.83E-06,4.33E-06,1.17E-06,9.15E-07,1.17E-06,1.18E-06,4.32E-06,1.17E-06,3.58E-06,1.10E-06,1.18E-06,5.63E-07,9.49E-07,1.86E-06,1.74E-06,9.76E-07,9.76E-07,9.49E-07,2.01E-06,7.33E-08,7.39E-08,1.57E-08,1.35E-08,7.72E-08,1.46E-08,1.52E-08,4.53E-09,1.49E-09,9.93E-07,3.72E-06,3.59E-06,1.03E-06,-2.00E-06
7.17E-06,-1.99E-06,1.84E-07,-2.04E-10,-6.00E-10,6.03E-07,6.63E-10,0.000200224,3.80E-06,1.03E-06,9.99E-07,7.51E-08,4.33E-06,9.72E-07,9.67E-07,9.73E-07,9.67E-07,9.93E-07,9.94E-07,3.72E-06,1.94E-06,1.86E-06,8.83E-06,4.33E-06,1.17E-06,9.13E-07,1.17E-06,1.18E-06,4.31E-06,1.17E-06,3.61E-06,1.10E-06,1.18E-06,5.64E-07,9.49E-07,1.86E-06,1.74E-06,9.76E-07,9.76E-07,9.49E-07,2.01E-06,7.30E-08,7.36E-08,1.56E-08,1.34E-08,7.69E-08,1.46E-08,1.52E-08,4.51E-09,2.01E-09,9.93E-07,3.72E-06,3.62E-06,1.03E-06,-1.99E-06
7.18E-06,-1.99E-06,1.86E-07,-2.89E-10,-5.23E-10,5.98E-07,6.71E-10,0.000200152,3.72E-06,1.03E-06,9.99E-07,7.10E-08,4.33E-06,9.72E-07,9.67E-07,9.73E-07,9.67E-07,9.93E-07,9.94E-07,3.72E-06,1.94E-06,1.86E-06,8.83E-06,4.33E-06,1.16E-06,9.07E-07,1.17E-06,1.17E-06,4.31E-06,1.17E-06,3.68E-06,1.09E-06,1.17E-06,5.67E-07,9.49E-07,1.86E-06,1.74E-06,9.76E-07,9.76E-07,9.49E-07,2.01E-06,7.24E-08,7.30E-08,1.55E-08,1.33E-08,7.62E-08,1.44E-08,1.50E-08,4.47E-09,3.79E-09,9.93E-07,3.72E-06,3.70E-06,1.03E-06,-1.99E-06
7.18E-06,-1.97E-06,1.89E-07,-3.89E-10,-3.77E-10,5.89E-07,6.89E-10,0.000200093,3.60E-06,1.03E-06,9.99E-07,6.39E-08,4.33E-06,9.72E-07,9.67E-07,9.72E-07,9.67E-07,9.93E-07,9.94E-07,3.71E-06,1.94E-06,1.86E-06,8.83E-06,4.33E-06,1.16E-06,8.99E-07,1.16E-06,1.17E-06,4.31E-06,1.16E-06,3.79E-06,1.09E-06,1.17E-06,5.72E-07,9.49E-07,1.86E-06,1.74E-06,9.76E-07,9.76E-07,9.49E-07,2.01E-06,7.15E-08,7.20E-08,1.53E-08,1.31E-08,7.52E-08,1.42E-08,1.48E-08,4.41E-09,1.93E-08,9.93E-07,3.71E-06,3.82E-06,1.04E-06,-1.97E-06
7.19E-06,-1.94E-06,1.91E-07,-3.96E-10,-2.89E-10,5.85E-07,6.89E-10,0.000200179,3.54E-06,1.03E-06,9.99E-07,6.09E-08,4.33E-06,9.72E-07,9.67E-07,9.72E-07,9.67E-07,9.93E-07,9.94E-07,3.71E-06,1.94E-06,1.86E-06,8.82E-06,4.33E-06,1.16E-06,8.95E-07,1.16E-06,1.17E-06,4.31E-06,1.16E-06,3.84E-06,1.09E-06,1.17E-06,5.73E-07,9.49E-07,1.86E-06,1.74E-06,9.76E-07,9.76E-07,9.49E-07,2.01E-06,7.11E-08,7.16E-08,1.51E-08,1.31E-08,7.47E-08,1.42E-08,1.47E-08,4.38E-09,5.24E-08,9.93E-07,3.71E-06,3.86E-06,1.04E-06,-1.94E-06
7.19E-06,-1.64E-06,1.93E-07,-1.83E-10,1.27E-10,5.77E-07,7.02E-10,0.000201501,3.47E-06,1.03E-06,9.99E-07,5.55E-08,4.33E-06,9.72E-07,9.67E-07,9.72E-07,9.67E-07,9.93E-07,9.94E-07,3.71E-06,1.94E-06,1.86E-06,8.82E-06,4.33E-06,1.15E-06,8.88E-07,1.16E-06,1.16E-06,4.34E-06,1.16E-06,3.91E-06,1.08E-06,1.16E-06,5.78E-07,9.49E-07,1.86E-06,1.74E-06,9.76E-07,9.76E-07,9.49E-07,2.01E-06,7.07E-08,7.11E-08,1.49E-08,1.30E-08,7.40E-08,1.40E-08,1.46E-08,4.33E-09,4.04E-07,9.93E-07,3.71E-06,3.94E-06,1.04E-06,-1.64E-06
7.19E-06,-1.44E-06,1.93E-07,-4.25E-11,3.75E-10,5.75E-07,7.01E-10,0.000202436,3.45E-06,1.03E-06,9.99E-07,5.44E-08,4.33E-06,9.72E-07,9.67E-07,9.72E-07,9.67E-07,9.93E-07,9.94E-07,3.71E-06,1.94E-06,1.86E-06,8.82E-06,4.33E-06,1.15E-06,8.87E-07,1.15E-06,1.16E-06,4.36E-06,1.16E-06,3.92E-06,1.08E-06,1.16E-06,5.79E-07,9.49E-07,1.86E-06,1.74E-06,9.76E-07,9.76E-07,9.49E-07,2.01E-06,7.08E-08,7.10E-08,1.48E-08,1.30E-08,7.38E-08,1.40E-08,1.45E-08,4.32E-09,6.39E-07,9.93E-07,3.71E-06,3.95E-06,1.04E-06,-1.44E-06
7.20E-06,-8.97E-07,1.94E-07,4.06E-10,9.00E-10,5.70E-07,7.05E-10,0.000204764,3.45E-06,1.03E-06,9.99E-07,5.29E-08,4.34E-06,9.72E-07,9.67E-07,9.73E-07,9.67E-07,9.93E-07,9.95E-07,3.71E-06,1.94E-06,1.86E-06,8.82E-06,4.34E-06,1.15E-06,8.83E-07,1.15E-06,1.16E-06,4.41E-06,1.15E-06,3.94E-06,1.08E-06,1.16E-06,5.81E-07,9.49E-07,1.86E-06,1.74E-06,9.76E-07,9.76E-07,9.49E-07,2.01E-06,7.10E-08,7.10E-08,1.47E-08,1.30E-08,7.36E-08,1.39E-08,1.44E-08,4.30E-09,1.24E-06,9.93E-07,3.71E-06,3.96E-06,1.04E-06,-8.97E-07
7.20E-06,-2.54E-07,1.96E-07,1.02E-09,1.08E-09,5.64E-07,7.01E-10,0.000206483,3.47E-06,1.03E-06,1.00E-06,5.20E-08,4.34E-06,9.73E-07,9.67E-07,9.73E-07,9.67E-07,9.93E-07,9.95E-07,3.71E-06,1.94E-06,1.86E-06,8.82E-06,4.34E-06,1.15E-06,8.78E-07,1.15E-06,1.16E-06,4.46E-06,1.15E-06,3.94E-06,1.07E-06,1.16E-06,5.85E-07,9.50E-07,1.86E-06,1.74E-06,9.76E-07,9.76E-07,9.50E-07,2.01E-06,7.10E-08,7.09E-08,1.46E-08,1.30E-08,7.33E-08,1.39E-08,1.44E-08,4.27E-09,1.86E-06,9.93E-07,3.71E-06,3.95E-06,1.03E-06,-2.54E-07
7.20E-06,2.66E-08,1.97E-07,1.23E-09,6.05E-10,5.57E-07,7.06E-10,0.000205817,3.49E-06,1.03E-06,1.00E-06,5.20E-08,4.34E-06,9.73E-07,9.67E-07,9.73E-07,9.67E-07,9.93E-07,9.95E-07,3.71E-06,1.94E-06,1.86E-06,8.82E-06,4.34E-06,1.14E-06,8.73E-07,1.15E-06,1.15E-06,4.44E-06,1.15E-06,3.93E-06,1.07E-06,1.16E-06,5.88E-07,9.50E-07,1.86E-06,1.74E-06,9.77E-07,9.77E-07,9.50E-07,2.01E-06,7.05E-08,7.05E-08,1.46E-08,1.29E-08,7.30E-08,1.38E-08,1.43E-08,4.25E-09,2.07E-06,9.93E-07,3.71E-06,3.93E-06,1.03E-06,2.66E-08
7.20E-06,1.19E-08,1.98E-07,1.15E-09,3.67E-10,5.55E-07,7.14E-10,0.000205167,3.50E-06,1.03E-06,1.00E-06,5.21E-08,4.34E-06,9.73E-07,9.68E-07,9.73E-07,9.67E-07,9.93E-07,9.95E-07,3.71E-06,1.94E-06,1.86E-06,8.82E-06,4.34E-06,1.14E-06,8.71E-07,1.15E-06,1.15E-06,4.42E-06,1.14E-06,3.93E-06,1.07E-06,1.15E-06,5.89E-07,9.50E-07,1.86E-06,1.74E-06,9.77E-07,9.77E-07,9.50E-07,2.01E-06,7.02E-08,7.04E-08,1.46E-08,1.29E-08,7.29E-08,1.38E-08,1.42E-08,4.24E-09,2.04E-06,9.93E-07,3.71E-06,3.93E-06,1.03E-06,1.19E-08
7.21E-06,-1.03E-08,1.98E-07,1.08E-09,2.59E-10,5.54E-07,7.17E-10,0.000204837,3.50E-06,1.03E-06,1.00E-06,5.22E-08,4.34E-06,9.73E-07,9.68E-07,9.73E-07,9.67E-07,9.93E-07,9.95E-07,3.71E-06,1.94E-06,1.86E-06,8.82E-06,4.34E-06,1.14E-06,8.70E-07,1.14E-06,1.15E-06,4.41E-06,1.14E-06,3.93E-06,1.07E-06,1.15E-06,5.90E-07,9.50E-07,1.86E-06,1.74E-06,9.77E-07,9.77E-07,9.50E-07,2.01E-06,7.01E-08,7.03E-08,1.46E-08,1.28E-08,7.29E-08,1.38E-08,1.42E-08,4.24E-09,2.02E-06,9.93E-07,3.71E-06,3.92E-06,1.03E-06,-1.03E-08
7.21E-06,-6.30E-08,1.98E-07,9.05E-10,1.02E-10,5.52E-07,7.23E-10,0.000204309,3.50E-06,1.03E-06,1.00E-06,5.23E-08,4.34E-06,9.73E-07,9.68E-07,9.73E-07,9.67E-07,9.93E-07,9.95E-07,3.71E-06,1.94E-06,1.86E-06,8.82E-06,4.34E-06,1.14E-06,8.69E-07,1.14E-06,1.15E-06,4.40E-06,1.14E-06,3.93E-06,1.07E-06,1.15E-06,5.91E-07,9.50E-07,1.86E-06,1.74E-06,9.77E-07,9.77E-07,9.50E-07,2.01E-06,7.00E-08,7.02E-08,1.45E-08,1.28E-08,7.28E-08,1.38E-08,1.42E-08,4.23E-09,1.97E-06,9.93E-07,3.71E-06,3.92E-06,1.03E-06,-6.30E-08
7.21E-06,-1.37E-07,1.99E-07,5.21E-10,1.10E-11,5.48E-07,7.27E-10,0.000203891,3.49E-06,1.03E-06,1.00E-06,5.23E-08,4.34E-06,9.73E-07,9.68E-07,9.73E-07,9.67E-07,9.93E-07,9.95E-07,3.71E-06,1.94E-06,1.86E-06,8.82E-06,4.34E-06,1.14E-06,8.65E-07,1.14E-06,1.15E-06,4.38E-06,1.14E-06,3.93E-06,1.06E-06,1.15E-06,5.93E-07,9.50E-07,1.86E-06,1.74E-06,9.77E-07,9.77E-07,9.50E-07,2.01E-06,6.98E-08,7.00E-08,1.45E-08,1.28E-08,7.25E-08,1.38E-08,1.41E-08,4.21E-09,1.91E-06,9.93E-07,3.71E-06,3.93E-06,1.03E-06,-1.37E-07
7.21E-06,-1.51E-07,2.01E-07,1.00E-10,1.19E-10,5.41E-07,7.28E-10,0.000204115,3.49E-06,1.03E-06,1.00E-06,5.22E-08,4.34E-06,9.73E-07,9.67E-07,9.73E-07,9.67E-07,9.93E-07,9.94E-07,3.71E-06,1.94E-06,1.86E-06,8.81E-06,4.34E-06,1.13E-06,8.60E-07,1.14E-06,1.15E-06,4.39E-06,1.14E-06,3.93E-06,1.06E-06,1.15E-06,5.97E-07,9.50E-07,1.86E-06,1.74E-06,9.77E-07,9.77E-07,9.50E-07,2.01E-06,6.95E-08,6.97E-08,1.43E-08,1.27E-08,7.22E-08,1.37E-08,1.41E-08,4.18E-09,1.91E-06,9.93E-07,3.71E-06,3.93E-06,1.03E-06,-1.51E-07
7.22E-06,-1.24E-07,2.01E-07,2.05E-11,1.91E-10,5.37E-07,7.29E-10,0.000204355,3.49E-06,1.03E-06,1.00E-06,5.22E-08,4.34E-06,9.73E-07,9.67E-07,9.73E-07,9.67E-07,9.93E-07,9.94E-07,3.71E-06,1.94E-06,1.86E-06,8.81E-06,4.34E-06,1.13E-06,8.57E-07,1.14E-06,1.15E-06,4.39E-06,1.13E-06,3.93E-06,1.06E-06,1.15E-06,5.99E-07,9.50E-07,1.86E-06,1.74E-06,9.77E-07,9.77E-07,9.50E-07,2.01E-06,6.95E-08,6.96E-08,1.43E-08,1.27E-08,7.20E-08,1.37E-08,1.40E-08,4.17E-09,1.94E-06,9.93E-07,3.71E-06,3.93E-06,1.03E-06,-1.24E-07
7.22E-06,-7.78E-08,2.02E-07,-1.29E-12,2.27E-10,5.30E-07,7.34E-10,0.000204557,3.49E-06,1.03E-06,1.00E-06,5.21E-08,4.34E-06,9.73E-07,9.67E-07,9.73E-07,9.67E-07,9.93E-07,9.94E-07,3.71E-06,1.94E-06,1.86E-06,8.81E-06,4.34E-06,1.13E-06,8.52E-07,1.13E-06,1.14E-06,4.39E-06,1.13E-06,3.93E-06,1.05E-06,1.14E-06,6.02E-07,9.50E-07,1.86E-06,1.74E-06,9.77E-07,9.77E-07,9.50E-07,2.01E-06,6.92E-08,6.93E-08,1.42E-08,1.26E-08,7.17E-08,1.36E-08,1.39E-08,4.15E-09,1.98E-06,9.93E-07,3.71E-06,3.93E-06,1.03E-06,-7.78E-08
7.23E-06,-5.96E-08,2.04E-07,1.81E-11,1.71E-10,5.18E-07,7.34E-10,0.00020449,3.49E-06,1.03E-06,1.00E-06,5.21E-08,4.34E-06,9.73E-07,9.67E-07,9.73E-07,9.67E-07,9.93E-07,9.94E-07,3.71E-06,1.94E-06,1.86E-06,8.80E-06,4.34E-06,1.12E-06,8.43E-07,1.13E-06,1.14E-06,4.39E-06,1.12E-06,3.93E-06,1.05E-06,1.14E-06,6.08E-07,9.50E-07,1.86E-06,1.74E-06,9.77E-07,9.77E-07,9.50E-07,2.01E-06,6.88E-08,6.89E-08,1.41E-08,1.26E-08,7.12E-08,1.35E-08,1.38E-08,4.11E-09,1.99E-06,9.93E-07,3.71E-06,3.93E-06,1.03E-06,-5.96E-08
7.23E-06,-6.51E-08,2.05E-07,2.00E-11,1.43E-10,5.11E-07,7.44E-10,0.000204425,3.49E-06,1.03E-06,1.00E-06,5.21E-08,4.34E-06,9.73E-07,9.67E-07,9.73E-07,9.67E-07,9.93E-07,9.94E-07,3.71E-06,1.94E-06,1.86E-06,8.80E-06,4.34E-06,1.12E-06,8.39E-07,1.12E-06,1.13E-06,4.38E-06,1.12E-06,3.93E-06,1.04E-06,1.13E-06,6.11E-07,9.50E-07,1.86E-06,1.74E-06,9.77E-07,9.77E-07,9.50E-07,2.01E-06,6.86E-08,6.87E-08,1.40E-08,1.25E-08,7.10E-08,1.35E-08,1.38E-08,4.09E-09,1.99E-06,9.93E-07,3.71E-06,3.93E-06,1.03E-06,-6.51E-08
7.24E-06,-7.18E-08,2.06E-07,1.46E-11,1.23E-10,4.99E-07,7.43E-10,0.000204399,3.49E-06,1.03E-06,1.00E-06,5.21E-08,4.34E-06,9.73E-07,9.67E-07,9.73E-07,9.67E-07,9.93E-07,9.94E-07,3.71E-06,1.94E-06,1.86E-06,8.79E-06,4.34E-06,1.11E-06,8.31E-07,1.12E-06,1.13E-06,4.38E-06,1.11E-06,3.93E-06,1.04E-06,1.13E-06,6.18E-07,9.50E-07,1.86E-06,1.74E-06,9.77E-07,9.77E-07,9.50E-07,2.01E-06,6.82E-08,6.83E-08,1.39E-08,1.24E-08,7.05E-08,1.34E-08,1.37E-08,4.06E-09,1.98E-06,9.93E-07,3.71E-06,3.93E-06,1.03E-06,-7.18E-08
7.26E-06,-7.14E-08,2.08E-07,1.86E-11,1.07E-10,4.74E-07,7.54E-10,0.000204423,3.49E-06,1.03E-06,1.00E-06,5.21E-08,4.34E-06,9.73E-07,9.67E-07,9.73E-07,9.67E-07,9.93E-07,9.94E-07,3.71E-06,1.94E-06,1.86E-06,8.78E-06,4.34E-06,1.10E-06,8.15E-07,1.11E-06,1.11E-06,4.37E-06,1.10E-06,3.93E-06,1.02E-06,1.11E-06,6.30E-07,9.50E-07,1.86E-06,1.74E-06,9.77E-07,9.77E-07,9.50E-07,2.01E-06,6.75E-08,6.76E-08,1.37E-08,1.23E-08,6.97E-08,1.32E-08,1.35E-08,4.01E-09,1.98E-06,9.93E-07,3.71E-06,3.93E-06,1.03E-06,-7.14E-08
7.29E-06,-7.07E-08,2.08E-07,1.91E-11,6.84E-11,4.24E-07,7.52E-10,0.000204425,3.49E-06,1.03E-06,1.00E-06,5.21E-08,4.34E-06,9.73E-07,9.67E-07,9.73E-07,9.67E-07,9.93E-07,9.94E-07,3.71E-06,1.94E-06,1.86E-06,8.76E-06,4.34E-06,1.07E-06,7.87E-07,1.08E-06,1.09E-06,4.34E-06,1.07E-06,3.93E-06,9.95E-07,1.09E-06,6.56E-07,9.50E-07,1.86E-06,1.75E-06,9.77E-07,9.77E-07,9.50E-07,2.01E-06,6.63E-08,6.64E-08,1.34E-08,1.21E-08,6.84E-08,1.30E-08,1.32E-08,3.92E-09,1.98E-06,9.93E-07,3.71E-06,3.93E-06,1.03E-06,-7.07E-08
7.34E-06,-6.99E-08,2.03E-07,8.24E-12,3.03E-11,3.44E-07,7.30E-10,0.000204421,3.49E-06,1.03E-06,1.00E-06,5.20E-08,4.33E-06,9.73E-07,9.67E-07,9.73E-07,9.67E-07,9.93E-07,9.94E-07,3.71E-06,1.94E-06,1.86E-06,8.72E-06,4.33E-06,1.03E-06,7.49E-07,1.04E-06,1.05E-06,4.30E-06,1.03E-06,3.93E-06,9.52E-07,1.05E-06,6.97E-07,9.50E-07,1.86E-06,1.75E-06,9.77E-07,9.77E-07,9.50E-07,2.01E-06,6.48E-08,6.49E-08,1.31E-08,1.18E-08,6.67E-08,1.27E-08,1.29E-08,3.81E-09,1.99E-06,9.93E-07,3.71E-06,3.93E-06,1.03E-06,-6.99E-08
7.44E-06,-6.16E-08,1.78E-07,-1.15E-13,2.40E-13,1.93E-07,6.33E-10,0.000204428,3.49E-06,1.03E-06,1.00E-06,5.20E-08,4.33E-06,9.73E-07,9.67E-07,9.73E-07,9.67E-07,9.93E-07,9.94E-07,3.71E-06,1.94E-06,1.86E-06,8.63E-06,4.33E-06,9.50E-07,6.98E-07,9.67E-07,9.76E-07,4.22E-06,9.53E-07,3.93E-06,8.76E-07,9.76E-07,7.73E-07,9.50E-07,1.86E-06,1.75E-06,9.77E-07,9.77E-07,9.50E-07,2.01E-06,6.24E-08,6.25E-08,1.26E-08,1.14E-08,6.42E-08,1.22E-08,1.24E-08,3.65E-09,1.99E-06,9.93E-07,3.71E-06,3.93E-06,1.03E-06,-6.16E-08
7.54E-06,-4.92E-08,1.43E-07,-1.12E-12,-5.32E-12,6.78E-08,5.00E-10,0.000204439,3.49E-06,1.03E-06,1.00E-06,5.19E-08,4.33E-06,9.73E-07,9.67E-07,9.73E-07,9.67E-07,9.93E-07,9.94E-07,3.71E-06,1.94E-06,1.86E-06,8.53E-06,4.33E-06,8.90E-07,6.73E-07,9.06E-07,9.13E-07,4.15E-06,8.93E-07,3.93E-06,8.16E-07,9.14E-07,8.38E-07,9.50E-07,1.86E-06,1.75E-06,9.77E-07,9.77E-07,9.50E-07,2.01E-06,6.06E-08,6.07E-08,1.22E-08,1.10E-08,6.24E-08,1.19E-08,1.20E-08,3.54E-09,2.01E-06,9.93E-07,3.71E-06,3.93E-06,1.03E-06,-4.92E-08
7.64E-06,-3.56E-08,1.03E-07,-7.33E-13,-3.96E-12,-2.80E-08,3.58E-10,0.000204451,3.49E-06,1.03E-06,1.00E-06,5.18E-08,4.33E-06,9.73E-07,9.67E-07,9.73E-07,9.67E-07,9.93E-07,9.94E-07,3.71E-06,1.94E-06,1.86E-06,8.45E-06,4.33E-06,8.45E-07,6.69E-07,8.59E-07,8.66E-07,4.08E-06,8.48E-07,3.93E-06,7.72E-07,8.66E-07,8.87E-07,9.50E-07,1.86E-06,1.75E-06,9.77E-07,9.77E-07,9.50E-07,2.01E-06,5.93E-08,5.93E-08,1.20E-08,1.08E-08,6.10E-08,1.17E-08,1.18E-08,3.46E-09,2.02E-06,9.93E-07,3.71E-06,3.93E-06,1.03E-06,-3.56E-08
7.74E-06,-2.24E-08,6.39E-08,-3.19E-13,-2.04E-12,-9.31E-08,2.21E-10,0.000204463,3.49E-06,1.03E-06,1.00E-06,5.18E-08,4.33E-06,9.73E-07,9.67E-07,9.73E-07,9.67E-07,9.93E-07,9.94E-07,3.71E-06,1.94E-06,1.86E-06,8.39E-06,4.33E-06,8.15E-07,6.79E-07,8.28E-07,8.33E-07,4.03E-06,8.18E-07,3.93E-06,7.43E-07,8.34E-07,9.20E-07,9.50E-07,1.86E-06,1.75E-06,9.77E-07,9.77E-07,9.50E-07,2.01E-06,5.83E-08,5.84E-08,1.18E-08,1.06E-08,6.00E-08,1.15E-08,1.16E-08,3.39E-09,2.04E-06,9.93E-07,3.71E-06,3.93E-06,1.03E-06,-2.24E-08
7.84E-06,-1.06E-08,2.85E-08,-8.98E-14,-9.17E-13,-1.29E-07,9.87E-11,0.000204474,3.49E-06,1.03E-06,1.00E-06,5.17E-08,4.33E-06,9.73E-07,9.67E-07,9.73E-07,9.67E-07,9.93E-07,9.94E-07,3.71E-06,1.94E-06,1.86E-06,8.35E-06,4.33E-06,7.99E-07,6.98E-07,8.10E-07,8.15E-07,4.00E-06,8.02E-07,3.93E-06,7.27E-07,8.16E-07,9.39E-07,9.50E-07,1.86E-06,1.75E-06,9.77E-07,9.77E-07,9.50E-07,2.01E-06,5.77E-08,5.77E-08,1.16E-08,1.05E-08,5.93E-08,1.14E-08,1.14E-08,3.35E-09,2.05E-06,9.93E-07,3.71E-06,3.93E-06,1.03E-06,-1.06E-08
7.94E-06,-7.47E-10,-9.97E-10,-3.76E-15,-4.33E-13,-1.41E-07,-2.27E-12,0.000204483,3.49E-06,1.03E-06,1.00E-06,5.17E-08,4.33E-06,9.73E-07,9.67E-07,9.73E-07,9.67E-07,9.93E-07,9.94E-07,3.71E-06,1.94E-06,1.86E-06,8.33E-06,4.33E-06,7.94E-07,7.23E-07,8.05E-07,8.09E-07,4.00E-06,7.97E-07,3.93E-06,7.22E-07,8.10E-07,9.45E-07,9.50E-07,1.86E-06,1.75E-06,9.77E-07,9.77E-07,9.50E-07,2.01E-06,5.74E-08,5.74E-08,1.15E-08,1.05E-08,5.90E-08,1.13E-08,1.14E-08,3.33E-09,2.06E-06,9.93E-07,3.71E-06,3.93E-06,1.03E-06,-7.47E-10
8.04E-06,6.71E-09,-2.29E-08,1.44E-14,-2.46E-13,-1.33E-07,-7.77E-11,0.00020449,3.49E-06,1.03E-06,1.00E-06,5.17E-08,4.33E-06,9.73E-07,9.67E-07,9.73E-07,9.67E-07,9.93E-07,9.94E-07,3.71E-06,1.94E-06,1.86E-06,8.34E-06,4.33E-06,7.97E-07,7.48E-07,8.09E-07,8.13E-07,4.02E-06,8.01E-07,3.93E-06,7.25E-07,8.14E-07,9.41E-07,9.50E-07,1.86E-06,1.75E-06,9.77E-07,9.77E-07,9.50E-07,2.01E-06,5.74E-08,5.74E-08,1.15E-08,1.04E-08,5.89E-08,1.13E-08,1.13E-08,3.33E-09,2.07E-06,9.93E-07,3.71E-06,3.93E-06,1.03E-06,6.71E-09
8.14E-06,1.16E-08,-3.67E-08,9.31E-15,-1.48E-13,-1.11E-07,-1.26E-10,0.000204495,3.49E-06,1.03E-06,1.00E-06,5.17E-08,4.33E-06,9.73E-07,9.67E-07,9.73E-07,9.67E-07,9.93E-07,9.94E-07,3.71E-06,1.94E-06,1.86E-06,8.37E-06,4.33E-06,8.07E-07,7.72E-07,8.19E-07,8.23E-07,4.05E-06,8.10E-07,3.93E-06,7.35E-07,8.24E-07,9.30E-07,9.50E-07,1.86E-06,1.75E-06,9.77E-07,9.77E-07,9.50E-07,2.01E-06,5.76E-08,5.75E-08,1.15E-08,1.05E-08,5.90E-08,1.13E-08,1.14E-08,3.33E-09,2.08E-06,9.93E-07,3.71E-06,3.93E-06,1.03E-06,1.16E-08
8.24E-06,1.38E-08,-4.26E-08,5.09E-16,-7.23E-14,-8.19E-08,-1.47E-10,0.000204497,3.49E-06,1.03E-06,1.00E-06,5.17E-08,4.33E-06,9.73E-07,9.67E-07,9.73E-07,9.67E-07,9.93E-07,9.94E-07,3.71E-06,1.94E-06,1.86E-06,8.40E-06,4.33E-06,8.20E-07,7.91E-07,8.34E-07,8.38E-07,4.08E-06,8.24E-07,3.93E-06,7.48E-07,8.39E-07,9.15E-07,9.50E-07,1.86E-06,1.75E-06,9.77E-07,9.77E-07,9.50E-07,2.01E-06,5.78E-08,5.78E-08,1.15E-08,1.05E-08,5.93E-08,1.13E-08,1.14E-08,3.35E-09,2.08E-06,9.93E-07,3.71E-06,3.93E-06,1.03E-06,1.38E-08
8.34E-06,1.38E-08,-4.16E-08,-3.98E-15,2.52E-15,-5.03E-08,-1.44E-10,0.000204496,3.49E-06,1.03E-06,1.00E-06,5.17E-08,4.33E-06,9.73E-07,9.67E-07,9.73E-07,9.67E-07,9.93E-07,9.94E-07,3.71E-06,1.94E-06,1.86E-06,8.43E-06,4.33E-06,8.34E-07,8.04E-07,8.49E-07,8.54E-07,4.11E-06,8.38E-07,3.93E-06,7.62E-07,8.54E-07,8.99E-07,9.50E-07,1.86E-06,1.75E-06,9.77E-07,9.77E-07,9.50E-07,2.01E-06,5.82E-08,5.82E-08,1.16E-08,1.06E-08,5.96E-08,1.14E-08,1.15E-08,3.37E-09,2.08E-06,9.93E-07,3.71E-06,3.93E-06,1.03E-06,1.38E-08
8.44E-06,1.21E-08,-3.57E-08,-6.96E-15,6.43E-14,-2.11E-08,-1.24E-10,0.000204495,3.49E-06,1.03E-06,1.00E-06,5.17E-08,4.33E-06,9.73E-07,9.67E-07,9.73E-07,9.67E-07,9.93E-07,9.94E-07,3.71E-06,1.94E-06,1.86E-06,8.46E-06,4.33E-06,8.48E-07,8.11E-07,8.64E-07,8.68E-07,4.13E-06,8.51E-07,3.93E-06,7.75E-07,8.69E-07,8.84E-07,9.50E-07,1.86E-06,1.75E-06,9.77E-07,9.77E-07,9.50E-07,2.01E-06,5.85E-08,5.85E-08,1.17E-08,1.06E-08,6.00E-08,1.15E-08,1.15E-08,3.39E-09,2.08E-06,9.93E-07,3.71E-06,3.93E-06,1.03E-06,1.21E-08
8.54E-06,9.28E-09,-2.68E-08,-7.45E-15,1.05E-13,2.82E-09,-9.37E-11,0.000204492,3.49E-06,1.03E-06,1.00E-06,5.17E-08,4.33E-06,9.73E-07,9.67E-07,9.73E-07,9.67E-07,9.93E-07,9.94E-07,3.71E-06,1.94E-06,1.86E-06,8.48E-06,4.33E-06,8.59E-07,8.13E-07,8.75E-07,8.80E-07,4.15E-06,8.62E-07,3.93E-06,7.86E-07,8.81E-07,8.72E-07,9.50E-07,1.86E-06,1.75E-06,9.77E-07,9.77E-07,9.50E-07,2.01E-06,5.88E-08,5.88E-08,1.17E-08,1.07E-08,6.03E-08,1.15E-08,1.16E-08,3.41E-09,2.07E-06,9.93E-07,3.71E-06,3.93E-06,1.03E-06,9.28E-09
8.64E-06,6.04E-09,-1.69E-08,-6.38E-15,1.24E-13,1.97E-08,-5.95E-11,0.000204489,3.49E-06,1.03E-06,1.00E-06,5.17E-08,4.33E-06,9.73E-07,9.67E-07,9.73E-07,9.67E-07,9.93E-07,9.94E-07,3.71E-06,1.94E-06,1.86E-06,8.49E-06,4.33E-06,8.66E-07,8.11E-07,8.83E-07,8.88E-07,4.16E-06,8.70E-07,3.93E-06,7.94E-07,8.89E-07,8.63E-07,9.50E-07,1.86E-06,1.75E-06,9.77E-07,9.77E-07,9.50E-07,2.01E-06,5.91E-08,5.91E-08,1.18E-08,1.07E-08,6.05E-08,1.16E-08,1.16E-08,3.42E-09,2.07E-06,9.93E-07,3.71E-06,3.93E-06,1.03E-06,6.04E-09
8.74E-06,2.92E-09,-7.66E-09,-4.47E-15,1.19E-13,2.93E-08,-2.71E-11,0.000204486,3.49E-06,1.03E-06,1.00E-06,5.18E-08,4.33E-06,9.73E-07,9.67E-07,9.73E-07,9.67E-07,9.93E-07,9.94E-07,3.71E-06,1.94E-06,1.86E-06,8.50E-06,4.33E-06,8.71E-07,8.06E-07,8.88E-07,8.93E-07,4.17E-06,8.75E-07,3.93E-06,7.98E-07,8.94E-07,8.58E-07,9.50E-07,1.86E-06,1.75E-06,9.77E-07,9.77E-07,9.50E-07,2.01E-06,5.92E-08,5.92E-08,1.18E-08,1.07E-08,6.07E-08,1.16E-08,1.17E-08,3.43E-09,2.07E-06,9.93E-07,3.71E-06,3.93E-06,1.03E-06,2.92E-09
8.84E-06,3.01E-10,-4.42E-11,-2.73E-15,1.01E-13,3.26E-08,-4.79E-13,0.000204484,3.49E-06,1.03E-06,1.00E-06,5.18E-08,4.33E-06,9.73E-07,9.67E-07,9.73E-07,9.67E-07,9.93E-07,9.94E-07,3.71E-06,1.94E-06,1.86E-06,8.50E-06,4.33E-06,8.73E-07,8.00E-07,8.90E-07,8.95E-07,4.17E-06,8.76E-07,3.93E-06,8.00E-07,8.96E-07,8.56E-07,9.50E-07,1.86E-06,1.75E-06,9.77E-07,9.77E-07,9.50E-07,2.01E-06,5.93E-08,5.93E-08,1.18E-08,1.08E-08,6.08E-08,1.16E-08,1.17E-08,3.44E-09,2.06E-06,9.93E-07,3.71E-06,3.93E-06,1.03E-06,3.01E-10
8.94E-06,-1.61E-09,5.44E-09,-9.63E-16,7.49E-14,3.08E-08,1.87E-11,0.000204482,3.49E-06,1.03E-06,1.00E-06,5.18E-08,4.33E-06,9.73E-07,9.67E-07,9.73E-07,9.67E-07,9.93E-07,9.94E-07,3.71E-06,1.94E-06,1.86E-06,8.50E-06,4.33E-06,8.72E-07,7.94E-07,8.89E-07,8.94E-07,4.16E-06,8.75E-07,3.93E-06,7.99E-07,8.95E-07,8.57E-07,9.50E-07,1.86E-06,1.75E-06,9.77E-07,9.77E-07,9.50E-07,2.01E-06,5.93E-08,5.93E-08,1.18E-08,1.08E-08,6.08E-08,1.16E-08,1.17E-08,3.44E-09,2.06E-06,9.93E-07,3.71E-06,3.93E-06,1.03E-06,-1.61E-09
9.04E-06,-2.73E-09,8.50E-09,3.11E-16,4.44E-14,2.58E-08,2.95E-11,0.000204481,3.49E-06,1.03E-06,1.00E-06,5.18E-08,4.33E-06,9.73E-07,9.67E-07,9.73E-07,9.67E-07,9.93E-07,9.94E-07,3.71E-06,1.94E-06,1.86E-06,8.50E-06,4.33E-06,8.69E-07,7.88E-07,8.86E-07,8.91E-07,4.16E-06,8.73E-07,3.93E-06,7.97E-07,8.92E-07,8.60E-07,9.50E-07,1.86E-06,1.75E-06,9.77E-07,9.77E-07,9.50E-07,2.01E-06,5.93E-08,5.93E-08,1.18E-08,1.08E-08,6.08E-08,1.16E-08,1.17E-08,3.44E-09,2.06E-06,9.93E-07,3.71E-06,3.93E-06,1.03E-06,-2.73E-09
9.14E-06,-3.21E-09,9.75E-09,1.47E-15,1.99E-14,1.89E-08,3.39E-11,0.000204481,3.49E-06,1.03E-06,1.00E-06,5.18E-08,4.33E-06,9.73E-07,9.67E-07,9.73E-07,9.67E-07,9.93E-07,9.94E-07,3.71E-06,1.94E-06,1.86E-06,8.49E-06,4.33E-06,8.66E-07,7.84E-07,8.83E-07,8.88E-07,4.15E-06,8.70E-07,3.93E-06,7.93E-07,8.89E-07,8.63E-07,9.50E-07,1.86E-06,1.75E-06,9.77E-07,9.77E-07,9.50E-07,2.01E-06,5.92E-08,5.92E-08,1.18E-08,1.08E-08,6.07E-08,1.16E-08,1.17E-08,3.44E-09,2.06E-06,9.93E-07,3.71E-06,3.93E-06,1.03E-06,-3.21E-09
9.24E-06,-3.17E-09,9.45E-09,1.41E-15,-9.70E-16,1.17E-08,3.30E-11,0.000204481,3.49E-06,1.03E-06,1.00E-06,5.18E-08,4.33E-06,9.73E-07,9.67E-07,9.73E-07,9.67E-07,9.93E-07,9.94E-07,3.71E-06,1.94E-06,1.86E-06,8.49E-06,4.33E-06,8.63E-07,7.81E-07,8.79E-07,8.85E-07,4.15E-06,8.66E-07,3.93E-06,7.90E-07,8.85E-07,8.67E-07,9.50E-07,1.86E-06,1.75E-06,9.77E-07,9.77E-07,9.50E-07,2.01E-06,5.91E-08,5.91E-08,1.18E-08,1.07E-08,6.06E-08,1.16E-08,1.17E-08,3.43E-09,2.06E-06,9.93E-07,3.71E-06,3.93E-06,1.03E-06,-3.17E-09
9.34E-06,-2.74E-09,8.06E-09,1.63E-15,-1.61E-14,5.05E-09,2.81E-11,0.000204481,3.49E-06,1.03E-06,1.00E-06,5.18E-08,4.33E-06,9.73E-07,9.67E-07,9.73E-07,9.67E-07,9.93E-07,9.94E-07,3.71E-06,1.94E-06,1.86E-06,8.48E-06,4.33E-06,8.60E-07,7.79E-07,8.76E-07,8.81E-07,4.14E-06,8.63E-07,3.93E-06,7.87E-07,8.82E-07,8.70E-07,9.50E-07,1.86E-06,1.75E-06,9.77E-07,9.77E-07,9.50E-07,2.01E-06,5.91E-08,5.91E-08,1.18E-08,1.07E-08,6.06E-08,1.16E-08,1.17E-08,3.43E-09,2.06E-06,9.93E-07,3.71E-06,3.93E-06,1.03E-06,-2.74E-09
9.44E-06,-2.10E-09,6.06E-09,1.65E-15,-2.42E-14,-3.68E-10,2.12E-11,0.000204482,3.49E-06,1.03E-06,1.00E-06,5.18E-08,4.33E-06,9.73E-07,9.67E-07,9.73E-07,9.67E-07,9.93E-07,9.94E-07,3.71E-06,1.94E-06,1.86E-06,8.48E-06,4.33E-06,8.57E-07,7.79E-07,8.73E-07,8.79E-07,4.14E-06,8.61E-07,3.93E-06,7.85E-07,8.79E-07,8.73E-07,9.50E-07,1.86E-06,1.75E-06,9.77E-07,9.77E-07,9.50E-07,2.01E-06,5.90E-08,5.90E-08,1.18E-08,1.07E-08,6.05E-08,1.16E-08,1.16E-08,3.42E-09,2.06E-06,9.93E-07,3.71E-06,3.93E-06,1.03E-06,-2.10E-09
9.54E-06,-1.37E-09,3.87E-09,1.25E-15,-2.77E-14,-4.21E-09,1.36E-11,0.000204482,3.49E-06,1.03E-06,1.00E-06,5.18E-08,4.33E-06,9.73E-07,9.67E-07,9.73E-07,9.67E-07,9.93E-07,9.94E-07,3.71E-06,1.94E-06,1.86E-06,8.47E-06,4.33E-06,8.55E-07,7.79E-07,8.72E-07,8.77E-07,4.14E-06,8.59E-07,3.93E-06,7.83E-07,8.77E-07,8.75E-07,9.50E-07,1.86E-06,1.75E-06,9.77E-07,9.77E-07,9.50E-07,2.01E-06,5.89E-08,5.89E-08,1.18E-08,1.07E-08,6.04E-08,1.15E-08,1.16E-08,3.42E-09,2.06E-06,9.93E-07,3.71E-06,3.93E-06,1.03E-06,-1.37E-09
9.64E-06,-6.83E-10,1.82E-09,9.73E-16,-2.65E-14,-6.43E-09,6.42E-12,0.000204483,3.49E-06,1.03E-06,1.00E-06,5.18E-08,4.33E-06,9.73E-07,9.67E-07,9.73E-07,9.67E-07,9.93E-07,9.94E-07,3.71E-06,1.94E-06,1.86E-06,8.47E-06,4.33E-06,8.54E-07,7.80E-07,8.71E-07,8.76E-07,4.13E-06,8.58E-07,3.93E-06,7.82E-07,8.76E-07,8.76E-07,9.50E-07,1.86E-06,1.75E-06,9.77E-07,9.77E-07,9.50E-07,2.01E-06,5.89E-08,5.89E-08,1.18E-08,1.07E-08,6.04E-08,1.15E-08,1.16E-08,3.42E-09,2.06E-06,9.93E-07,3.71E-06,3.93E-06,1.03E-06,-6.83E-10
9.74E-06,-1.07E-10,1.31E-10,5.80E-16,-2.23E-14,-7.14E-09,5.28E-13,0.000204483,3.49E-06,1.03E-06,1.00E-06,5.17E-08,4.33E-06,9.73E-07,9.67E-07,9.73E-07,9.67E-07,9.93E-07,9.94E-07,3.71E-06,1.94E-06,1.86E-06,8.47E-06,4.33E-06,8.54E-07,7.81E-07,8.70E-07,8.75E-07,4.13E-06,8.58E-07,3.93E-06,7.81E-07,8.76E-07,8.77E-07,9.50E-07,1.86E-06,1.75E-06,9.77E-07,9.77E-07,9.50E-07,2.01E-06,5.89E-08,5.89E-08,1.18E-08,1.07E-08,6.04E-08,1.15E-08,1.16E-08,3.41E-09,2.06E-06,9.93E-07,3.71E-06,3.93E-06,1.03E-06,-1.07E-10
9.84E-06,3.22E-10,-1.10E-09,2.11E-16,-1.67E-14,-6.94E-09,-3.79E-12,0.000204484,3.49E-06,1.03E-06,1.00E-06,5.17E-08,4.33E-06,9.73E-07,9.67E-07,9.73E-07,9.67E-07,9.93E-07,9.94E-07,3.71E-06,1.94E-06,1.86E-06,8.47E-06,4.33E-06,8.54E-07,7.83E-07,8.70E-07,8.75E-07,4.13E-06,8.58E-07,3.93E-06,7.82E-07,8.76E-07,8.76E-07,9.50E-07,1.86E-06,1.75E-06,9.77E-07,9.77E-07,9.50E-07,2.01E-06,5.89E-08,5.89E-08,1.18E-08,1.07E-08,6.04E-08,1.15E-08,1.16E-08,3.41E-09,2.06E-06,9.93E-07,3.71E-06,3.93E-06,1.03E-06,3.22E-10
9.92E-06,5.53E-10,-1.75E-09,1.41E-17,-1.17E-14,-6.07E-09,-6.06E-12,0.000204484,3.49E-06,1.03E-06,1.00E-06,5.17E-08,4.33E-06,9.73E-07,9.67E-07,9.73E-07,9.67E-07,9.93E-07,9.94E-07,3.71E-06,1.94E-06,1.86E-06,8.47E-06,4.33E-06,8.55E-07,7.84E-07,8.71E-07,8.76E-07,4.14E-06,8.58E-07,3.93E-06,7.82E-07,8.76E-07,8.76E-07,9.50E-07,1.86E-06,1.75E-06,9.77E-07,9.77E-07,9.50E-07,2.01E-06,5.89E-08,5.89E-08,1.18E-08,1.07E-08,6.04E-08,1.15E-08,1.16E-08,3.41E-09,2.06E-06,9.93E-07,3.71E-06,3.93E-06,1.03E-06,5.53E-10
1.00E-05,6.81E-10,-2.09E-09,-1.64E-16,-6.78E-15,-4.87E-09,-7.26E-12,0.000204484,3.49E-06,1.03E-06,1.00E-06,5.17E-08,4.33E-06,9.73E-07,9.67E-07,9.73E-07,9.67E-07,9.93E-07,9.94E-07,3.71E-06,1.94E-06,1.86E-06,8.47E-06,4.33E-06,8.55E-07,7.85E-07,8.71E-07,8.76E-07,4.14E-06,8.59E-07,3.93E-06,7.82E-07,8.77E-07,8.75E-07,9.50E-07,1.86E-06,1.75E-06,9.77E-07,9.77E-07,9.50E-07,2.01E-06,5.89E-08,5.89E-08,1.18E-08,1.07E-08,6.04E-08,1.15E-08,1.16E-08,3.41E-09,2.06E-06,9.93E-07,3.71E-06,3.93E-06,1.03E-06,6.81E-10